Index,University,Artificial Intelligence & Machine Learning,Machine Learning,Data Science & Data Mining,Computer Vision & Image Processing,Natural Language Processing,Systems & Networking,Databases,Security & Privacy,Human Computer Interaction,Theoretical Computer Science,Software Engineering,Computer Graphics & Virtual Reality,Quantum Computing,Interdisciplinary Fields,The Web & Information Retrieval,Continent,Country
1,Massachusetts Institute of Technology,0.0,250.11124400000028,0.0,302.7230710000002,74.60914300000003,0.0,0.0,0.0,0.0,0.0,0.0,0.0,0.0,0.0,53.062167,North America,United States
2,University of Würzburg,0.0,12.667212,0.0,34.734962,6.321507,0.0,0.0,0.0,0.0,0.0,0.0,0.0,0.0,0.0,2.1917660000000003,Europe,Germany
3,ETH Zurich,0.0,67.47342099999997,0.0,123.42157200000004,23.998968,0.0,0.0,0.0,0.0,0.0,0.0,0.0,0.0,0.0,12.919387999999996,Europe,Switzerland
4,University of Montreal,0.0,74.94215000000001,0.0,110.660219,40.365241,0.0,0.0,0.0,0.0,0.0,0.0,0.0,0.0,0.0,39.609481,North America,Canada
5,Univ. of California - Berkeley,0.0,222.59624100000025,0.0,292.4633770000001,83.683668,0.0,0.0,0.0,0.0,0.0,0.0,0.0,0.0,0.0,66.44094799999999,North America,United States
6,Stanford University,0.0,184.5217190000001,0.0,240.9864630000001,128.12485999999998,0.0,0.0,0.0,0.0,0.0,0.0,0.0,0.0,0.0,65.72929299999997,North America,United States
7,KAUST,0.0,41.253655,0.0,86.661251,8.434416999999998,0.0,0.0,0.0,0.0,0.0,0.0,0.0,0.0,0.0,13.814054,Asia,Saudi Arabia
8,University of Toronto,0.0,99.571367,0.0,143.9214760000001,34.888615000000016,0.0,0.0,0.0,0.0,0.0,0.0,0.0,0.0,0.0,32.90129,North America,Canada
9,Princeton University,0.0,131.6272720000001,0.0,103.68967700000002,37.678579000000006,0.0,0.0,0.0,0.0,0.0,0.0,0.0,0.0,0.0,33.049144000000005,North America,United States
10,Univ. of California - San Diego,0.0,92.04927,0.0,165.04170200000002,41.696295000000006,0.0,0.0,0.0,0.0,0.0,0.0,0.0,0.0,0.0,31.169454,North America,United States
11,University of Tübingen,0.0,53.24856400000001,0.0,115.93450800000002,0.931335,0.0,0.0,0.0,0.0,0.0,0.0,0.0,0.0,0.0,5.170119,Europe,Germany
12,TU Munich,0.0,48.02893999999999,0.0,163.782015,6.804861999999999,0.0,0.0,0.0,0.0,0.0,0.0,0.0,0.0,0.0,11.880769999999998,Europe,Germany
13,York University,0.0,9.261472,0.0,50.049679,9.031815,0.0,0.0,0.0,0.0,0.0,0.0,0.0,0.0,0.0,4.484741999999999,North America,Canada
14,Cardiff University,0.0,6.269567,0.0,32.983968,22.826413,0.0,0.0,0.0,0.0,0.0,0.0,0.0,0.0,0.0,6.985184999999999,Europe,United Kingdom
15,Nanyang Technological University,0.0,32.394075000000015,0.0,113.88542599999998,25.514666000000005,0.0,0.0,0.0,0.0,0.0,0.0,0.0,0.0,0.0,42.210655,Asia,Singapore
16,University of North Carolina,0.0,22.615935000000004,0.0,55.505659,22.887811000000003,0.0,0.0,0.0,0.0,0.0,0.0,0.0,0.0,0.0,8.814611,North America,United States
17,Carnegie Mellon University,0.0,230.6580190000002,0.0,255.89059500000025,121.755141,0.0,0.0,0.0,0.0,0.0,0.0,0.0,0.0,0.0,81.03469100000001,North America,United States
18,University of Copenhagen,0.0,23.192459000000017,0.0,35.15222299999999,53.15436799999999,0.0,0.0,0.0,0.0,0.0,0.0,0.0,0.0,0.0,15.383175,Europe,Denmark
19,Australian National University,0.0,15.079586,0.0,67.522235,13.269976000000002,0.0,0.0,0.0,0.0,0.0,0.0,0.0,0.0,0.0,16.460884,Australasia,Australia
20,University of Freiburg,0.0,15.49685,0.0,47.629075,7.750642999999999,0.0,0.0,0.0,0.0,0.0,0.0,0.0,0.0,0.0,10.048019,Europe,Germany
21,Tel Aviv University,0.0,92.996139,0.0,85.89722300000004,40.188006,0.0,0.0,0.0,0.0,0.0,0.0,0.0,0.0,0.0,18.969725,Asia,Israel
22,Georgia Institute of Technology,0.0,63.64573599999999,0.0,91.39088499999995,28.95738400000001,0.0,0.0,0.0,0.0,0.0,0.0,0.0,0.0,0.0,16.630414,North America,United States
23,POSTECH,0.0,9.540091,0.0,82.89069099999999,1.893492,0.0,0.0,0.0,0.0,0.0,0.0,0.0,0.0,0.0,4.30225,Asia,South Korea
24,Michigan State University,0.0,16.451657,0.0,50.69025400000001,2.663447,0.0,0.0,0.0,0.0,0.0,0.0,0.0,0.0,0.0,10.202459,North America,United States
25,Johns Hopkins University,0.0,54.93145499999997,0.0,88.46565900000003,51.729089,0.0,0.0,0.0,0.0,0.0,0.0,0.0,0.0,0.0,9.981793,North America,United States
26,Weizmann Institute of Science,0.0,39.752602,0.0,60.351166000000006,0.301475,0.0,0.0,0.0,0.0,0.0,0.0,0.0,0.0,0.0,4.131213,Asia,Israel
27,Czech Technical University,0.0,9.268919,0.0,102.95648599999996,1.049237,0.0,0.0,0.0,0.0,0.0,0.0,0.0,0.0,0.0,3.004585,Europe,Czech Republic
28,UCCS,0.0,5.028131999999999,0.0,24.415507,1.808865,0.0,0.0,0.0,0.0,0.0,0.0,0.0,0.0,0.0,1.386884,North America,United States
29,TU Darmstadt,0.0,25.055443,0.0,77.69633400000001,23.80513700000001,0.0,0.0,0.0,0.0,0.0,0.0,0.0,0.0,0.0,17.284951999999997,Europe,Germany
30,HKUST,0.0,37.65809500000001,0.0,127.13112499999995,34.795841999999986,0.0,0.0,0.0,0.0,0.0,0.0,0.0,0.0,0.0,37.67894699999999,Asia,Hong Kong
31,EPFL,0.0,93.34564,0.0,147.47206500000007,27.032909000000007,0.0,0.0,0.0,0.0,0.0,0.0,0.0,0.0,0.0,19.832996,Europe,Switzerland
32,Brown University,0.0,35.890338,0.0,45.925948000000005,12.307434999999998,0.0,0.0,0.0,0.0,0.0,0.0,0.0,0.0,0.0,6.045932999999999,North America,United States
33,University of Michigan,0.0,66.67244499999998,0.0,90.968372,34.57097499999998,0.0,0.0,0.0,0.0,0.0,0.0,0.0,0.0,0.0,28.59397000000001,North America,United States
34,Univ. of California - Merced,0.0,10.483125,0.0,27.693236,0.703259,0.0,0.0,0.0,0.0,0.0,0.0,0.0,0.0,0.0,1.094374,North America,United States
35,University of Amsterdam,0.0,36.006196000000024,0.0,59.437270000000005,38.792839,0.0,0.0,0.0,0.0,0.0,0.0,0.0,0.0,0.0,50.70175899999999,Europe,Netherlands
36,Macquarie University,0.0,7.76439,0.0,26.120591,13.433514,0.0,0.0,0.0,0.0,0.0,0.0,0.0,0.0,0.0,18.345365000000005,Australasia,Australia
37,California Institute of Technology,0.0,37.48074800000001,0.0,58.25995700000001,3.555807,0.0,0.0,0.0,0.0,0.0,0.0,0.0,0.0,0.0,5.248435,North America,United States
38,TU Braunschweig,0.0,2.698822,0.0,21.066944,0.301475,0.0,0.0,0.0,0.0,0.0,0.0,0.0,0.0,0.0,1.676942,Europe,Germany
39,Tsinghua University,0.0,74.95522099999992,0.0,163.7677630000002,67.59349100000001,0.0,0.0,0.0,0.0,0.0,0.0,0.0,0.0,0.0,129.459316,Asia,China
40,Zhejiang University,0.0,31.010239000000023,0.0,128.7222740000001,25.622342000000025,0.0,0.0,0.0,0.0,0.0,0.0,0.0,0.0,0.0,30.457703000000016,Asia,China
41,LMU Munich,0.0,20.483789,0.0,32.662159,21.222710000000003,0.0,0.0,0.0,0.0,0.0,0.0,0.0,0.0,0.0,13.680520999999995,Europe,Germany
42,New York University,0.0,137.38663900000014,0.0,110.649862,74.05401300000001,0.0,0.0,0.0,0.0,0.0,0.0,0.0,0.0,0.0,58.13978500000002,North America,United States
43,University of Hong Kong,0.0,28.850048,0.0,75.186096,9.192706,0.0,0.0,0.0,0.0,0.0,0.0,0.0,0.0,0.0,15.053256,Asia,Hong Kong
44,Bar-Ilan University,0.0,31.050943000000007,0.0,28.598033,37.006375,0.0,0.0,0.0,0.0,0.0,0.0,0.0,0.0,0.0,5.156615,Asia,Israel
45,University of Maryland - College Park,0.0,41.530743,0.0,111.27951199999995,57.308989,0.0,0.0,0.0,0.0,0.0,0.0,0.0,0.0,0.0,16.791408999999998,North America,United States
46,Chinese University of Hong Kong,0.0,46.46891599999999,0.0,157.78238500000006,23.443512000000005,0.0,0.0,0.0,0.0,0.0,0.0,0.0,0.0,0.0,22.150928,Asia,Hong Kong
47,University of Edinburgh,0.0,59.36834,0.0,80.29024500000001,81.98789499999998,0.0,0.0,0.0,0.0,0.0,0.0,0.0,0.0,0.0,34.15807,Europe,United Kingdom
48,Univ. of California - Los Angeles,0.0,66.185896,0.0,57.62588500000001,43.244652,0.0,0.0,0.0,0.0,0.0,0.0,0.0,0.0,0.0,33.037262000000005,North America,United States
49,University College London,0.0,33.319243,0.0,53.24449099999999,4.400557,0.0,0.0,0.0,0.0,0.0,0.0,0.0,0.0,0.0,17.053338999999998,Europe,United Kingdom
50,Cornell University,0.0,90.450854,0.0,69.19364699999998,46.939415,0.0,0.0,0.0,0.0,0.0,0.0,0.0,0.0,0.0,47.716049,North America,United States
51,Univ. of Illinois at Urbana-Champaign,0.0,70.40577199999998,0.0,117.13595999999998,36.96277299999999,0.0,0.0,0.0,0.0,0.0,0.0,0.0,0.0,0.0,45.967919,North America,United States
52,Chinese Academy of Sciences,0.0,21.489241000000018,0.0,118.390895,51.886063,0.0,0.0,0.0,0.0,0.0,0.0,0.0,0.0,0.0,64.28427200000002,Asia,China
53,University of Washington,0.0,104.604077,0.0,99.11306399999997,71.86427200000003,0.0,0.0,0.0,0.0,0.0,0.0,0.0,0.0,0.0,32.364927,North America,United States
54,University of Wisconsin - Madison,0.0,62.224931,0.0,71.02104200000001,10.103298,0.0,0.0,0.0,0.0,0.0,0.0,0.0,0.0,0.0,7.767801999999998,North America,United States
55,MBZUAI,0.0,57.50487199999998,0.0,126.53453899999997,47.76397300000001,0.0,0.0,0.0,0.0,0.0,0.0,0.0,0.0,0.0,25.78014300000001,Asia,United Arab Emirates
56,Heidelberg University,0.0,6.965616000000001,0.0,27.695119,3.569673,0.0,0.0,0.0,0.0,0.0,0.0,0.0,0.0,0.0,4.008848,Europe,Germany
57,University of Bonn,0.0,11.627441,0.0,44.208844000000006,1.850575,0.0,0.0,0.0,0.0,0.0,0.0,0.0,0.0,0.0,5.034392,Europe,Germany
58,Seoul National University,0.0,32.54835100000001,0.0,129.92739600000004,7.515916999999999,0.0,0.0,0.0,0.0,0.0,0.0,0.0,0.0,0.0,5.334407999999999,Asia,South Korea
59,Imperial College London,0.0,32.71576800000001,0.0,71.11270600000002,20.187162,0.0,0.0,0.0,0.0,0.0,0.0,0.0,0.0,0.0,6.262879000000002,Europe,United Kingdom
60,Simon Fraser University,0.0,23.68253100000001,0.0,93.755051,9.498088999999998,0.0,0.0,0.0,0.0,0.0,0.0,0.0,0.0,0.0,10.033283999999998,North America,Canada
61,Sun Yat-sen University,0.0,11.938770999999996,0.0,57.37084999999999,8.846401,0.0,0.0,0.0,0.0,0.0,0.0,0.0,0.0,0.0,11.281861,Asia,China
62,Hebrew University of Jerusalem,0.0,55.34387,0.0,64.26645100000002,22.747934000000008,0.0,0.0,0.0,0.0,0.0,0.0,0.0,0.0,0.0,10.777824,Asia,Israel
63,University of Surrey,0.0,10.249991,0.0,88.67742799999999,6.355943999999999,0.0,0.0,0.0,0.0,0.0,0.0,0.0,0.0,0.0,5.311304999999999,Europe,United Kingdom
64,The Hong Kong Polytechnic University,0.0,10.749147999999998,0.0,35.082519,13.91932,0.0,0.0,0.0,0.0,0.0,0.0,0.0,0.0,0.0,25.58500800000001,Asia,Hong Kong
65,Aalto University,0.0,11.833217,0.0,27.265640000000005,1.792483,0.0,0.0,0.0,0.0,0.0,0.0,0.0,0.0,0.0,3.691873000000001,Europe,Finland
66,KAIST,0.0,61.92588999999998,0.0,158.9701950000001,19.732840000000014,0.0,0.0,0.0,0.0,0.0,0.0,0.0,0.0,0.0,16.805392,Asia,South Korea
67,Oregon State University,0.0,11.273996,0.0,40.029504,5.978589,0.0,0.0,0.0,0.0,0.0,0.0,0.0,0.0,0.0,3.0908500000000005,North America,United States
68,Durham University,0.0,2.61807,0.0,18.964361,0.544419,0.0,0.0,0.0,0.0,0.0,0.0,0.0,0.0,0.0,0.918087,Europe,United Kingdom
69,Columbia University,0.0,79.306404,0.0,77.06648300000003,35.665139999999994,0.0,0.0,0.0,0.0,0.0,0.0,0.0,0.0,0.0,31.89405200000001,North America,United States
70,ShanghaiTech University,0.0,5.77404,0.0,40.388053,1.886798,0.0,0.0,0.0,0.0,0.0,0.0,0.0,0.0,0.0,2.384065,Asia,China
71,JKU Linz,0.0,9.495274,0.0,17.422884,1.076616,0.0,0.0,0.0,0.0,0.0,0.0,0.0,0.0,0.0,11.726454,Europe,Austria
72,University of Southern California,0.0,43.19748500000001,0.0,44.17664999999999,40.647184,0.0,0.0,0.0,0.0,0.0,0.0,0.0,0.0,0.0,17.45662,North America,United States
73,University of Adelaide,0.0,19.455503000000004,0.0,93.901313,5.986818,0.0,0.0,0.0,0.0,0.0,0.0,0.0,0.0,0.0,5.6940930000000005,Australasia,Australia
74,Ecole Normale Superieure,0.0,31.106573,0.0,26.486750000000004,0.0,0.0,0.0,0.0,0.0,0.0,0.0,0.0,0.0,0.0,3.019206,Europe,France
75,Renmin University of China,0.0,19.237386000000004,0.0,33.53444599999998,31.419870000000007,0.0,0.0,0.0,0.0,0.0,0.0,0.0,0.0,0.0,66.103992,Asia,China
76,University of Texas at Austin,0.0,65.17637400000001,0.0,64.71896799999998,16.453226,0.0,0.0,0.0,0.0,0.0,0.0,0.0,0.0,0.0,8.011788,North America,United States
77,Singapore Management University,0.0,11.756623,0.0,44.49901499999999,19.738163,0.0,0.0,0.0,0.0,0.0,0.0,0.0,0.0,0.0,32.319586,Asia,Singapore
78,Technion,0.0,130.8776430000001,0.0,109.62890300000004,24.234509000000003,0.0,0.0,0.0,0.0,0.0,0.0,0.0,0.0,0.0,26.64679400000001,Asia,Israel
79,University of Rochester,0.0,10.326018,0.0,42.243819,8.451164,0.0,0.0,0.0,0.0,0.0,0.0,0.0,0.0,0.0,5.779526,North America,United States
80,University of British Columbia,0.0,31.107812000000017,0.0,67.62647999999997,11.630262,0.0,0.0,0.0,0.0,0.0,0.0,0.0,0.0,0.0,11.772633999999998,North America,Canada
81,CUHK (SZ),0.0,15.601474999999995,0.0,53.69661100000001,3.960052,0.0,0.0,0.0,0.0,0.0,0.0,0.0,0.0,0.0,8.615471000000001,Asia,China
82,University of Modena and Reggio Emilia,0.0,6.566485999999999,0.0,37.745744,4.175626,0.0,0.0,0.0,0.0,0.0,0.0,0.0,0.0,0.0,0.487124,Europe,Italy
83,Queen Mary University of London,0.0,4.291503,0.0,32.816723,4.369122,0.0,0.0,0.0,0.0,0.0,0.0,0.0,0.0,0.0,5.747683,Europe,United Kingdom
84,University of Cambridge,0.0,37.636206000000016,0.0,32.661786,22.765179000000003,0.0,0.0,0.0,0.0,0.0,0.0,0.0,0.0,0.0,20.216578,Europe,United Kingdom
85,University of Chicago,0.0,33.70366000000002,0.0,29.68853500000001,14.751008,0.0,0.0,0.0,0.0,0.0,0.0,0.0,0.0,0.0,9.597900999999998,North America,United States
86,University of Central Florida,0.0,13.701588999999998,0.0,37.19481199999999,2.236995,0.0,0.0,0.0,0.0,0.0,0.0,0.0,0.0,0.0,3.613937000000001,North America,United States
87,Koç University,0.0,0.229374,0.0,13.346443,1.949229,0.0,0.0,0.0,0.0,0.0,0.0,0.0,0.0,0.0,0.581093,Asia,Turkey
88,Harbin Institute of Technology,0.0,15.401821,0.0,46.61348399999999,53.51708099999998,0.0,0.0,0.0,0.0,0.0,0.0,0.0,0.0,0.0,30.236357,Asia,China
89,University of Massachusetts Amherst,0.0,71.71755699999997,0.0,71.64591999999999,27.059731000000006,0.0,0.0,0.0,0.0,0.0,0.0,0.0,0.0,0.0,33.431385,North America,United States
90,Harvard University,0.0,78.52856200000002,0.0,43.220511,15.101273,0.0,0.0,0.0,0.0,0.0,0.0,0.0,0.0,0.0,20.079262999999997,North America,United States
91,Graz University of Technology,0.0,6.19801,0.0,30.99126,0.037768,0.0,0.0,0.0,0.0,0.0,0.0,0.0,0.0,0.0,2.789862,Europe,Austria
92,Northeastern University,0.0,36.63463,0.0,48.365403000000015,15.258051999999996,0.0,0.0,0.0,0.0,0.0,0.0,0.0,0.0,0.0,21.983839000000003,North America,United States
93,IISc Bangalore,0.0,14.034427,0.0,21.293928,7.408543,0.0,0.0,0.0,0.0,0.0,0.0,0.0,0.0,0.0,5.992228999999999,Asia,India
94,University at Buffalo,0.0,15.976959999999998,0.0,26.537996,4.863905999999999,0.0,0.0,0.0,0.0,0.0,0.0,0.0,0.0,0.0,2.458302,North America,United States
95,RWTH Aachen University,0.0,16.186275000000002,0.0,20.117479000000003,9.819638,0.0,0.0,0.0,0.0,0.0,0.0,0.0,0.0,0.0,4.397036,Europe,Germany
96,National University of Singapore,0.0,42.38441699999999,0.0,54.92894800000001,27.526941000000004,0.0,0.0,0.0,0.0,0.0,0.0,0.0,0.0,0.0,34.99238199999999,Asia,Singapore
97,National Chiao Tung University,0.0,1.784309,0.0,42.287276000000006,0.407453,0.0,0.0,0.0,0.0,0.0,0.0,0.0,0.0,0.0,1.914298,Asia,Taiwan
98,CISPA Helmholtz Center,0.0,17.859044000000008,0.0,24.870055000000004,5.376399999999999,0.0,0.0,0.0,0.0,0.0,0.0,0.0,0.0,0.0,8.317893999999999,Europe,Germany
99,University of Pennsylvania,0.0,66.744602,0.0,79.59307200000002,41.066686,0.0,0.0,0.0,0.0,0.0,0.0,0.0,0.0,0.0,19.437063,North America,United States
100,University of Crete,0.0,5.625419,0.0,22.309314,0.134806,0.0,0.0,0.0,0.0,0.0,0.0,0.0,0.0,0.0,2.763396,Europe,Greece
101,ETS Montreal,0.0,4.136913000000001,0.0,24.592230999999995,1.007368,0.0,0.0,0.0,0.0,0.0,0.0,0.0,0.0,0.0,0.0,North America,Canada
102,Auburn University,0.0,4.302038,0.0,9.826114,0.0,0.0,0.0,0.0,0.0,0.0,0.0,0.0,0.0,0.0,0.156133,North America,United States
103,University of South Florida,0.0,2.677462,0.0,7.150069,0.8252820000000001,0.0,0.0,0.0,0.0,0.0,0.0,0.0,0.0,0.0,3.453298,North America,United States
104,University of Zurich,0.0,2.750231,0.0,15.070324,16.597276,0.0,0.0,0.0,0.0,0.0,0.0,0.0,0.0,0.0,2.6643760000000003,Europe,Switzerland
105,UESTC,0.0,8.730457999999997,0.0,45.842518,3.219902,0.0,0.0,0.0,0.0,0.0,0.0,0.0,0.0,0.0,11.101775999999996,Asia,China
106,IIIT Hyderabad,0.0,5.336079,0.0,24.732024000000006,5.521272,0.0,0.0,0.0,0.0,0.0,0.0,0.0,0.0,0.0,3.568195,Asia,India
107,Shanghai Jiao Tong University,0.0,29.894555000000015,0.0,103.13355199999997,37.15380799999998,0.0,0.0,0.0,0.0,0.0,0.0,0.0,0.0,0.0,45.00775099999996,Asia,China
108,Univ. of California - Irvine,0.0,21.039836000000005,0.0,34.58310200000001,3.882587000000001,0.0,0.0,0.0,0.0,0.0,0.0,0.0,0.0,0.0,6.723336,North America,United States
109,University of Trento,0.0,3.829035,0.0,22.398666,7.954814999999999,0.0,0.0,0.0,0.0,0.0,0.0,0.0,0.0,0.0,2.403373,Europe,Italy
110,National Tsing Hua University,0.0,1.119721,0.0,17.613388999999998,1.198969,0.0,0.0,0.0,0.0,0.0,0.0,0.0,0.0,0.0,0.0,Asia,Taiwan
111,Monash University,0.0,10.876325,0.0,32.60358600000001,13.019237999999998,0.0,0.0,0.0,0.0,0.0,0.0,0.0,0.0,0.0,5.212879,Australasia,Australia
112,University of Sydney,0.0,18.046271,0.0,36.114205000000005,3.583093,0.0,0.0,0.0,0.0,0.0,0.0,0.0,0.0,0.0,5.73972,Australasia,Australia
113,Lancaster University,0.0,0.848757,0.0,13.898336,1.967294,0.0,0.0,0.0,0.0,0.0,0.0,0.0,0.0,0.0,0.581542,Europe,United Kingdom
114,University of Tokyo,0.0,20.840095,0.0,47.623548,6.926766000000001,0.0,0.0,0.0,0.0,0.0,0.0,0.0,0.0,0.0,2.919537,Asia,Japan
115,NWPU,0.0,2.745153,0.0,29.820145,1.176445,0.0,0.0,0.0,0.0,0.0,0.0,0.0,0.0,0.0,2.622813,Asia,China
116,Xi'an Jiaotong University,0.0,3.531990000000001,0.0,21.984338,2.833167,0.0,0.0,0.0,0.0,0.0,0.0,0.0,0.0,0.0,2.781934000000001,Asia,China
117,Peking University,0.0,74.05862200000001,0.0,167.2696690000001,60.369314999999965,0.0,0.0,0.0,0.0,0.0,0.0,0.0,0.0,0.0,41.48401299999998,Asia,China
118,Ben-Gurion University of the Negev,0.0,10.136026,0.0,9.765804,5.993875,0.0,0.0,0.0,0.0,0.0,0.0,0.0,0.0,0.0,1.514712,Asia,Israel
119,UNIST,0.0,5.48409,0.0,25.544592000000005,0.229374,0.0,0.0,0.0,0.0,0.0,0.0,0.0,0.0,0.0,0.675661,Asia,South Korea
120,Rice University,0.0,13.713699000000002,0.0,30.619436,5.418144,0.0,0.0,0.0,0.0,0.0,0.0,0.0,0.0,0.0,11.486315,North America,United States
121,Beijing Jiaotong University,0.0,2.208266,0.0,19.147462,0.0,0.0,0.0,0.0,0.0,0.0,0.0,0.0,0.0,0.0,0.0,Asia,China
122,Dartmouth College,0.0,7.2901029999999984,0.0,17.915971000000003,2.3688250000000006,0.0,0.0,0.0,0.0,0.0,0.0,0.0,0.0,0.0,3.412980000000001,North America,United States
123,University of Glasgow,0.0,1.4760069999999998,0.0,11.410253,2.098714,0.0,0.0,0.0,0.0,0.0,0.0,0.0,0.0,0.0,22.754685,Europe,United Kingdom
124,Stony Brook University,0.0,12.449181,0.0,34.978942999999994,9.532759,0.0,0.0,0.0,0.0,0.0,0.0,0.0,0.0,0.0,8.51222,North America,United States
125,Fudan University,0.0,13.348585,0.0,47.784678000000014,35.55851599999999,0.0,0.0,0.0,0.0,0.0,0.0,0.0,0.0,0.0,22.624629,Asia,China
126,TU Dresden,0.0,6.839754999999999,0.0,14.685783,0.933411,0.0,0.0,0.0,0.0,0.0,0.0,0.0,0.0,0.0,7.10424,Europe,Germany
127,University of Oxford,0.0,38.088678000000016,0.0,29.575732,15.970162,0.0,0.0,0.0,0.0,0.0,0.0,0.0,0.0,0.0,13.269352999999995,Europe,United Kingdom
128,University of Macau,0.0,2.454806,0.0,27.532218000000007,3.040004,0.0,0.0,0.0,0.0,0.0,0.0,0.0,0.0,0.0,3.41208,Asia,Macao
129,KU Leuven,0.0,4.950162,0.0,7.932907999999999,4.217294,0.0,0.0,0.0,0.0,0.0,0.0,0.0,0.0,0.0,5.743083999999999,Europe,Belgium
130,University of Birmingham,0.0,5.610939999999999,0.0,29.450244,0.348025,0.0,0.0,0.0,0.0,0.0,0.0,0.0,0.0,0.0,1.362633,Europe,United Kingdom
131,Yonsei University,0.0,9.647512999999998,0.0,44.106893,2.177682,0.0,0.0,0.0,0.0,0.0,0.0,0.0,0.0,0.0,2.904786,Asia,South Korea
132,Univ. of California - Santa Cruz,0.0,33.336379000000015,0.0,16.8465,6.277501999999999,0.0,0.0,0.0,0.0,0.0,0.0,0.0,0.0,0.0,13.368783999999996,North America,United States
133,University of Göttingen,0.0,2.933067,0.0,11.749604,1.7471040000000002,0.0,0.0,0.0,0.0,0.0,0.0,0.0,0.0,0.0,0.708222,Europe,Germany
134,Boston University,0.0,49.77085500000001,0.0,30.797462000000003,7.490197999999999,0.0,0.0,0.0,0.0,0.0,0.0,0.0,0.0,0.0,10.186149,North America,United States
135,University of Malaya,0.0,0.509659,0.0,4.941282,0.0,0.0,0.0,0.0,0.0,0.0,0.0,0.0,0.0,0.0,0.457608,Asia,Malaysia
136,Xiamen University,0.0,8.037055,0.0,46.41342599999999,2.006435,0.0,0.0,0.0,0.0,0.0,0.0,0.0,0.0,0.0,3.692425,Asia,China
137,Concordia University,0.0,7.745703999999999,0.0,20.920422,1.299513,0.0,0.0,0.0,0.0,0.0,0.0,0.0,0.0,0.0,3.962813,North America,Canada
138,Sapienza University of Rome,0.0,6.415746999999999,0.0,19.998676,14.746962,0.0,0.0,0.0,0.0,0.0,0.0,0.0,0.0,0.0,11.714548999999998,Europe,Italy
139,Univ. of California - Riverside,0.0,7.320403999999999,0.0,21.381691000000007,6.594625,0.0,0.0,0.0,0.0,0.0,0.0,0.0,0.0,0.0,7.6712989999999985,North America,United States
140,Nanjing University,0.0,25.63359,0.0,50.20876799999999,15.00463,0.0,0.0,0.0,0.0,0.0,0.0,0.0,0.0,0.0,20.83167500000001,Asia,China
141,Shenzhen University,0.0,5.750114,0.0,25.932597,1.298555,0.0,0.0,0.0,0.0,0.0,0.0,0.0,0.0,0.0,4.009755,Asia,China
142,National Institute of Informatics,0.0,4.026272,0.0,25.300742000000003,9.199446,0.0,0.0,0.0,0.0,0.0,0.0,0.0,0.0,0.0,11.236386,Asia,Japan
143,University of Bern,0.0,2.270597,0.0,13.113492,0.446287,0.0,0.0,0.0,0.0,0.0,0.0,0.0,0.0,0.0,0.0,Europe,Switzerland
144,Université Laval,0.0,5.26216,0.0,18.379462000000004,0.0,0.0,0.0,0.0,0.0,0.0,0.0,0.0,0.0,0.0,1.4907819999999998,North America,Canada
145,Texas A&M University,0.0,15.968504999999997,0.0,16.000209,4.76989,0.0,0.0,0.0,0.0,0.0,0.0,0.0,0.0,0.0,10.073144999999998,North America,United States
146,Ohio State University,0.0,25.245158,0.0,15.441802999999998,10.816688,0.0,0.0,0.0,0.0,0.0,0.0,0.0,0.0,0.0,8.555805,North America,United States
147,IIT Hyderabad,0.0,3.024525,0.0,11.824348,0.385507,0.0,0.0,0.0,0.0,0.0,0.0,0.0,0.0,0.0,1.514696,Asia,India
148,Pennsylvania State University,0.0,12.81163,0.0,23.314184,22.531863000000005,0.0,0.0,0.0,0.0,0.0,0.0,0.0,0.0,0.0,15.498933,North America,United States
149,University of York,0.0,1.5553439999999998,0.0,13.250127999999998,0.923734,0.0,0.0,0.0,0.0,0.0,0.0,0.0,0.0,0.0,1.006186,Europe,United Kingdom
150,Victoria University of Wellington,0.0,3.702632,0.0,12.425121,0.60295,0.0,0.0,0.0,0.0,0.0,0.0,0.0,0.0,0.0,0.461347,Australasia,New Zealand
151,Beihang University,0.0,8.335612000000001,0.0,31.031394,13.307295999999996,0.0,0.0,0.0,0.0,0.0,0.0,0.0,0.0,0.0,10.408076,Asia,China
152,University of Texas at Arlington,0.0,4.302175,0.0,9.561221,2.318205,0.0,0.0,0.0,0.0,0.0,0.0,0.0,0.0,0.0,8.123874,North America,United States
153,Hong Kong Baptist University,0.0,7.436266999999999,0.0,10.689498,5.710185999999998,0.0,0.0,0.0,0.0,0.0,0.0,0.0,0.0,0.0,8.438321,Asia,Hong Kong
154,Rochester Institute of Technology,0.0,7.316719000000001,0.0,13.630159,2.898096,0.0,0.0,0.0,0.0,0.0,0.0,0.0,0.0,0.0,7.499597999999999,North America,United States
155,University of Waterloo,0.0,33.18823800000001,0.0,29.191566000000016,32.936344,0.0,0.0,0.0,0.0,0.0,0.0,0.0,0.0,0.0,49.394123,North America,Canada
156,University of Alberta,0.0,51.42519600000001,0.0,14.086523,12.270246999999998,0.0,0.0,0.0,0.0,0.0,0.0,0.0,0.0,0.0,14.721907,North America,Canada
157,University of Arizona,0.0,4.959929,0.0,8.531379,13.924065999999996,0.0,0.0,0.0,0.0,0.0,0.0,0.0,0.0,0.0,2.445695,North America,United States
158,IIT Delhi,0.0,11.878104,0.0,12.635652,10.834227,0.0,0.0,0.0,0.0,0.0,0.0,0.0,0.0,0.0,5.381951999999999,Asia,India
159,University of Queensland,0.0,3.2156360000000004,0.0,12.438966999999998,0.458748,0.0,0.0,0.0,0.0,0.0,0.0,0.0,0.0,0.0,20.009769,Australasia,Australia
160,Colorado State University,0.0,1.375039,0.0,5.460978,0.229374,0.0,0.0,0.0,0.0,0.0,0.0,0.0,0.0,0.0,0.229374,North America,United States
161,TU Kaiserslautern,0.0,1.849047,0.0,7.891089000000001,0.446287,0.0,0.0,0.0,0.0,0.0,0.0,0.0,0.0,0.0,1.362629,Europe,Germany
162,University of Texas at Dallas,0.0,4.834573999999999,0.0,13.521453,20.894439,0.0,0.0,0.0,0.0,0.0,0.0,0.0,0.0,0.0,4.146310000000001,North America,United States
163,University of Sheffield,0.0,3.76741,0.0,7.674213,18.832748,0.0,0.0,0.0,0.0,0.0,0.0,0.0,0.0,0.0,7.839116,Europe,United Kingdom
164,TU Delft,0.0,8.140265,0.0,18.097686,5.55754,0.0,0.0,0.0,0.0,0.0,0.0,0.0,0.0,0.0,23.191498,Europe,Netherlands
165,Korea University,0.0,4.841242,0.0,34.599275,1.625782,0.0,0.0,0.0,0.0,0.0,0.0,0.0,0.0,0.0,5.889307,Asia,South Korea
166,Rutgers University,0.0,10.537676,0.0,13.596271000000003,5.420988,0.0,0.0,0.0,0.0,0.0,0.0,0.0,0.0,0.0,17.665437000000004,North America,United States
167,City University of Hong Kong,0.0,7.210514999999997,0.0,33.390384999999995,1.52994,0.0,0.0,0.0,0.0,0.0,0.0,0.0,0.0,0.0,5.074178,Asia,Hong Kong
168,BUPT,0.0,7.796273,0.0,17.30193,11.595363,0.0,0.0,0.0,0.0,0.0,0.0,0.0,0.0,0.0,26.69112500000001,Asia,China
169,Indiana University,0.0,9.375436,0.0,12.152131,2.3899859999999995,0.0,0.0,0.0,0.0,0.0,0.0,0.0,0.0,0.0,8.584534999999997,North America,United States
170,Ruhr-University Bochum,0.0,3.55282,0.0,6.300717000000001,4.312548,0.0,0.0,0.0,0.0,0.0,0.0,0.0,0.0,0.0,3.187328,Europe,Germany
171,Wuhan University,0.0,4.961287,0.0,33.34695000000001,8.512756999999999,0.0,0.0,0.0,0.0,0.0,0.0,0.0,0.0,0.0,5.283261,Asia,China
172,University of Bath,0.0,4.250953,0.0,19.190019000000003,0.0,0.0,0.0,0.0,0.0,0.0,0.0,0.0,0.0,0.0,0.000449,Europe,United Kingdom
173,University of Warwick,0.0,6.199366,0.0,8.234238,1.872606,0.0,0.0,0.0,0.0,0.0,0.0,0.0,0.0,0.0,5.116134000000001,Europe,United Kingdom
174,Univ. of California - Davis,0.0,9.192482,0.0,13.44326,7.269871000000001,0.0,0.0,0.0,0.0,0.0,0.0,0.0,0.0,0.0,8.175429000000001,North America,United States
175,Tampere University,0.0,1.57506,0.0,6.573621999999999,0.0,0.0,0.0,0.0,0.0,0.0,0.0,0.0,0.0,0.0,1.154158,Europe,Finland
176,McMaster University,0.0,7.520671,0.0,2.3865510000000003,0.105978,0.0,0.0,0.0,0.0,0.0,0.0,0.0,0.0,0.0,0.437179,North America,Canada
177,Tongji University,0.0,1.706569,0.0,13.146644999999996,0.484181,0.0,0.0,0.0,0.0,0.0,0.0,0.0,0.0,0.0,4.077253,Asia,China
178,TTI Chicago,0.0,50.61769900000001,0.0,35.462175,6.282125999999999,0.0,0.0,0.0,0.0,0.0,0.0,0.0,0.0,0.0,3.8198849999999993,North America,United States
179,National Taiwan University,0.0,3.4565200000000003,0.0,26.551027,10.605577,0.0,0.0,0.0,0.0,0.0,0.0,0.0,0.0,0.0,4.455873,Asia,Taiwan
180,University of Magdeburg,0.0,1.946748,0.0,3.847896,0.415023,0.0,0.0,0.0,0.0,0.0,0.0,0.0,0.0,0.0,2.1534920000000004,Europe,Germany
181,IST Austria,0.0,21.439337000000005,0.0,21.358373,1.453388,0.0,0.0,0.0,0.0,0.0,0.0,0.0,0.0,0.0,1.2651530000000002,Europe,Austria
182,Politecnico di Milano,0.0,8.427883,0.0,14.345168,0.675661,0.0,0.0,0.0,0.0,0.0,0.0,0.0,0.0,0.0,8.082957999999998,Europe,Italy
183,IIT Roorkee,0.0,0.156133,0.0,1.701067,0.0,0.0,0.0,0.0,0.0,0.0,0.0,0.0,0.0,0.0,0.0,Asia,India
184,Brigham Young University,0.0,2.23351,0.0,4.985821,0.843822,0.0,0.0,0.0,0.0,0.0,0.0,0.0,0.0,0.0,1.3789639999999996,North America,United States
185,TU Dortmund,0.0,2.7353050000000003,0.0,5.069057,0.0,0.0,0.0,0.0,0.0,0.0,0.0,0.0,0.0,0.0,0.98041,Europe,Germany
186,VISTEC,0.0,0.595983,0.0,2.683691,0.0,0.0,0.0,0.0,0.0,0.0,0.0,0.0,0.0,0.0,0.0,Asia,Thailand
187,Univ. of California - Santa Barbara,0.0,17.825539,0.0,15.465073,23.481763,0.0,0.0,0.0,0.0,0.0,0.0,0.0,0.0,0.0,14.604979999999998,North America,United States
188,Queensland University of Technology,0.0,1.605727,0.0,10.579666,1.927586,0.0,0.0,0.0,0.0,0.0,0.0,0.0,0.0,0.0,0.0,Australasia,Australia
189,University of Calgary,0.0,1.571508,0.0,3.78028,0.156133,0.0,0.0,0.0,0.0,0.0,0.0,0.0,0.0,0.0,1.225329,North America,Canada
190,University of Technology Sydney,0.0,5.919948,0.0,6.60585,2.3533780000000006,0.0,0.0,0.0,0.0,0.0,0.0,0.0,0.0,0.0,8.714713,Australasia,Australia
191,University of Bristol,0.0,11.914547,0.0,14.235926999999998,0.421056,0.0,0.0,0.0,0.0,0.0,0.0,0.0,0.0,0.0,0.487573,Europe,United Kingdom
192,Universidad de los Andes,0.0,1.5115889999999998,0.0,14.935419,0.146503,0.0,0.0,0.0,0.0,0.0,0.0,0.0,0.0,0.0,0.000449,South America,Colombia
193,University of Guelph,0.0,1.882926,0.0,9.390574,0.747762,0.0,0.0,0.0,0.0,0.0,0.0,0.0,0.0,0.0,0.301475,North America,Canada
194,University of South Carolina,0.0,2.096846,0.0,5.277609,0.378626,0.0,0.0,0.0,0.0,0.0,0.0,0.0,0.0,0.0,0.531628,North America,United States
195,Kyung Hee University,0.0,0.520329,0.0,4.090631,0.301475,0.0,0.0,0.0,0.0,0.0,0.0,0.0,0.0,0.0,0.0,Asia,South Korea
196,University of Utah,0.0,12.559971999999998,0.0,15.380381,12.024616,0.0,0.0,0.0,0.0,0.0,0.0,0.0,0.0,0.0,5.279657,North America,United States
197,TU Berlin,0.0,13.430221,0.0,19.874456,6.337076000000001,0.0,0.0,0.0,0.0,0.0,0.0,0.0,0.0,0.0,6.558744000000001,Europe,Germany
198,Osaka University,0.0,1.955603,0.0,7.697420999999999,3.1566970000000003,0.0,0.0,0.0,0.0,0.0,0.0,0.0,0.0,0.0,1.582963,Asia,Japan
199,TU Wien,0.0,9.689396,0.0,10.671535,5.685901,0.0,0.0,0.0,0.0,0.0,0.0,0.0,0.0,0.0,11.720998999999996,Europe,Austria
200,Royal Holloway University of London,0.0,5.034419,0.0,2.063962,2.345915,0.0,0.0,0.0,0.0,0.0,0.0,0.0,0.0,0.0,0.8939210000000001,Europe,United Kingdom
201,Florida Atlantic University,0.0,1.849702,0.0,2.134057,0.0,0.0,0.0,0.0,0.0,0.0,0.0,0.0,0.0,0.0,1.449976,North America,United States
202,University of Cologne,0.0,11.511994,0.0,2.580344,2.425908,0.0,0.0,0.0,0.0,0.0,0.0,0.0,0.0,0.0,6.190016,Europe,Germany
203,Université de Sherbrooke,0.0,0.0,0.0,3.634573000000001,0.229374,0.0,0.0,0.0,0.0,0.0,0.0,0.0,0.0,0.0,0.0,North America,Canada
204,SUTD,0.0,9.129409,0.0,7.744261999999999,17.371508000000002,0.0,0.0,0.0,0.0,0.0,0.0,0.0,0.0,0.0,9.853926,Asia,Singapore
205,Yale University,0.0,24.62805700000001,0.0,11.035529999999998,16.604856,0.0,0.0,0.0,0.0,0.0,0.0,0.0,0.0,0.0,24.833516,North America,United States
206,University of Virginia,0.0,16.398929,0.0,9.810300000000002,7.793755000000001,0.0,0.0,0.0,0.0,0.0,0.0,0.0,0.0,0.0,7.868304,North America,United States
207,Westlake University,0.0,5.829733,0.0,10.259277,13.662495,0.0,0.0,0.0,0.0,0.0,0.0,0.0,0.0,0.0,5.761131,Asia,China
208,McGill University,0.0,9.320631,0.0,7.074560999999999,14.335185,0.0,0.0,0.0,0.0,0.0,0.0,0.0,0.0,0.0,4.668019,North America,Canada
209,Georgia State University,0.0,0.0,0.0,1.819088,0.229374,0.0,0.0,0.0,0.0,0.0,0.0,0.0,0.0,0.0,0.261139,North America,United States
210,University of Arkansas,0.0,1.495524,0.0,0.916291,0.0,0.0,0.0,0.0,0.0,0.0,0.0,0.0,0.0,0.0,1.352653,North America,United States
211,Sharif University of Technology,0.0,0.446287,0.0,0.916291,0.446287,0.0,0.0,0.0,0.0,0.0,0.0,0.0,0.0,0.0,0.675661,Asia,Iran
212,University of Siegen,0.0,3.751034,0.0,20.767791000000003,0.0,0.0,0.0,0.0,0.0,0.0,0.0,0.0,0.0,0.0,1.351322,Europe,Germany
213,University of Helsinki,0.0,9.029423,0.0,8.754043,2.872195,0.0,0.0,0.0,0.0,0.0,0.0,0.0,0.0,0.0,6.2549410000000005,Europe,Finland
214,Brunel University London,0.0,0.0,0.0,0.916291,0.229374,0.0,0.0,0.0,0.0,0.0,0.0,0.0,0.0,0.0,0.530849,Europe,United Kingdom
215,USP-ICMC,0.0,1.022423,0.0,2.428565,4.559754,0.0,0.0,0.0,0.0,0.0,0.0,0.0,0.0,0.0,0.963301,South America,Brazil
216,Lund University,0.0,0.0,0.0,0.916291,0.0,0.0,0.0,0.0,0.0,0.0,0.0,0.0,0.0,0.0,0.0,Europe,Sweden
217,University of Nevada,0.0,1.397271,0.0,4.247057,0.0,0.0,0.0,0.0,0.0,0.0,0.0,0.0,0.0,0.0,0.000449,North America,United States
218,University of Melbourne,0.0,16.279912,0.0,22.786442,16.587372000000002,0.0,0.0,0.0,0.0,0.0,0.0,0.0,0.0,0.0,20.71541000000001,Australasia,Australia
219,University of Illinois at Chicago,0.0,10.74358,0.0,10.616985,21.8333,0.0,0.0,0.0,0.0,0.0,0.0,0.0,0.0,0.0,23.283819000000005,North America,United States
220,University of Padova,0.0,2.168123,0.0,2.22013,2.69375,0.0,0.0,0.0,0.0,0.0,0.0,0.0,0.0,0.0,6.558144,Europe,Italy
221,Hanyang University,0.0,0.0,0.0,7.790585999999999,0.446287,0.0,0.0,0.0,0.0,0.0,0.0,0.0,0.0,0.0,4.277561,Asia,South Korea
222,University of Hannover,0.0,3.331976,0.0,8.779933,0.843115,0.0,0.0,0.0,0.0,0.0,0.0,0.0,0.0,0.0,4.809147,Europe,Germany
223,Polytechnique Montreal,0.0,7.951407,0.0,3.1913300000000007,2.251399,0.0,0.0,0.0,0.0,0.0,0.0,0.0,0.0,0.0,1.27853,North America,Canada
224,Goethe University Frankfurt,0.0,0.3043,0.0,2.655493,0.301475,0.0,0.0,0.0,0.0,0.0,0.0,0.0,0.0,0.0,0.692202,Europe,Germany
225,HSE University,0.0,6.621415,0.0,7.928368000000001,1.847127,0.0,0.0,0.0,0.0,0.0,0.0,0.0,0.0,0.0,0.087356,Europe,Russia
226,Duke University,0.0,44.37145800000002,0.0,30.485219,10.367013,0.0,0.0,0.0,0.0,0.0,0.0,0.0,0.0,0.0,13.135509999999998,North America,United States
227,University of Pisa,0.0,2.767663,0.0,1.820725,2.098474,0.0,0.0,0.0,0.0,0.0,0.0,0.0,0.0,0.0,3.138490000000001,Europe,Italy
228,Soochow University,0.0,1.4905669999999995,0.0,5.617462,20.309242,0.0,0.0,0.0,0.0,0.0,0.0,0.0,0.0,0.0,8.220718999999999,Asia,China
229,Shandong University,0.0,0.5754400000000001,0.0,7.789692999999999,1.961874,0.0,0.0,0.0,0.0,0.0,0.0,0.0,0.0,0.0,12.526484,Asia,China
230,University of Western Australia,0.0,0.0,0.0,11.695257,0.5569470000000001,0.0,0.0,0.0,0.0,0.0,0.0,0.0,0.0,0.0,1.12287,Australasia,Australia
231,University of Southampton,0.0,1.904748,0.0,5.452068,0.644197,0.0,0.0,0.0,0.0,0.0,0.0,0.0,0.0,0.0,2.03083,Europe,United Kingdom
232,IIT Madras,0.0,3.584785,0.0,6.710335,2.488654,0.0,0.0,0.0,0.0,0.0,0.0,0.0,0.0,0.0,1.906113,Asia,India
233,SUSTech,0.0,3.4029370000000005,0.0,7.825132999999999,3.588488,0.0,0.0,0.0,0.0,0.0,0.0,0.0,0.0,0.0,5.312493999999999,Asia,China
234,Arizona State University,0.0,7.713695999999997,0.0,16.671609,10.164041,0.0,0.0,0.0,0.0,0.0,0.0,0.0,0.0,0.0,12.629626999999996,North America,United States
235,George Washington University,0.0,0.5618190000000001,0.0,1.155239,0.105978,0.0,0.0,0.0,0.0,0.0,0.0,0.0,0.0,0.0,0.0,North America,United States
236,Temple University,0.0,4.668018999999999,0.0,2.841613,0.0,0.0,0.0,0.0,0.0,0.0,0.0,0.0,0.0,0.0,3.786327,North America,United States
237,Purdue University,0.0,33.60523400000002,0.0,12.786058,4.932940999999999,0.0,0.0,0.0,0.0,0.0,0.0,0.0,0.0,0.0,4.504912,North America,United States
238,Sungkyunkwan University,0.0,1.085488,0.0,6.590582,2.443188,0.0,0.0,0.0,0.0,0.0,0.0,0.0,0.0,0.0,2.909474,Asia,South Korea
239,Boston College,0.0,0.185649,0.0,1.159114,1.008093,0.0,0.0,0.0,0.0,0.0,0.0,0.0,0.0,0.0,0.0,North America,United States
240,University of Minnesota,0.0,11.185648,0.0,14.723967,3.555563,0.0,0.0,0.0,0.0,0.0,0.0,0.0,0.0,0.0,16.01828,North America,United States
241,Leiden University,0.0,1.683451,0.0,2.8465100000000003,2.671793,0.0,0.0,0.0,0.0,0.0,0.0,0.0,0.0,0.0,6.780152,Europe,Netherlands
242,Université Jean Monnet,0.0,2.663301,0.0,3.843856,2.337068,0.0,0.0,0.0,0.0,0.0,0.0,0.0,0.0,0.0,1.173979,Europe,France
243,Stevens Institute of Technology,0.0,2.015475,0.0,4.436132,1.219516,0.0,0.0,0.0,0.0,0.0,0.0,0.0,0.0,0.0,2.819514,North America,United States
244,Washington University in St. Louis,0.0,11.328062,0.0,5.415996,1.231797,0.0,0.0,0.0,0.0,0.0,0.0,0.0,0.0,0.0,3.797332000000001,North America,United States
245,University of Oregon,0.0,1.66901,0.0,3.5029449999999995,7.046207,0.0,0.0,0.0,0.0,0.0,0.0,0.0,0.0,0.0,3.709398,North America,United States
246,University of North Texas,0.0,1.119295,0.0,8.498245,1.664053,0.0,0.0,0.0,0.0,0.0,0.0,0.0,0.0,0.0,0.677583,North America,United States
247,MUST,0.0,0.631936,0.0,1.831012,0.229374,0.0,0.0,0.0,0.0,0.0,0.0,0.0,0.0,0.0,0.185649,Asia,Macao
248,Friedrich Schiller University Jena,0.0,3.648061,0.0,5.274585,2.933212,0.0,0.0,0.0,0.0,0.0,0.0,0.0,0.0,0.0,2.559056,Europe,Germany
249,University of Hamburg,0.0,0.747762,0.0,2.736106,6.726281,0.0,0.0,0.0,0.0,0.0,0.0,0.0,0.0,0.0,1.419215,Europe,Germany
250,Trinity College Dublin,0.0,1.185215,0.0,2.211651,3.178207,0.0,0.0,0.0,0.0,0.0,0.0,0.0,0.0,0.0,1.163683,Europe,Ireland
251,Hunan University,0.0,1.265345,0.0,10.393322,0.156133,0.0,0.0,0.0,0.0,0.0,0.0,0.0,0.0,0.0,2.868428,Asia,China
252,University of Florida,0.0,2.2052979999999995,0.0,2.655791,1.233675,0.0,0.0,0.0,0.0,0.0,0.0,0.0,0.0,0.0,3.164232,North America,United States
253,University of Stuttgart,0.0,4.818179,0.0,5.989653,7.635132,0.0,0.0,0.0,0.0,0.0,0.0,0.0,0.0,0.0,4.949269,Europe,Germany
254,CRIStAL,0.0,6.732645999999999,0.0,2.259491,1.10194,0.0,0.0,0.0,0.0,0.0,0.0,0.0,0.0,0.0,6.493316999999999,Europe,France
255,George Mason University,0.0,3.939044,0.0,5.432467999999998,13.704247,0.0,0.0,0.0,0.0,0.0,0.0,0.0,0.0,0.0,5.562830999999998,North America,United States
256,Florida State University,0.0,1.049178,0.0,4.160142,0.60295,0.0,0.0,0.0,0.0,0.0,0.0,0.0,0.0,0.0,1.452197,North America,United States
257,Virginia Tech,0.0,6.592294999999999,0.0,5.219718999999999,5.008838,0.0,0.0,0.0,0.0,0.0,0.0,0.0,0.0,0.0,6.599820999999999,North America,United States
258,IIT Kanpur,0.0,9.401231,0.0,2.874897,1.133152,0.0,0.0,0.0,0.0,0.0,0.0,0.0,0.0,0.0,1.301554,Asia,India
259,Rensselaer Polytechnic Institute,0.0,6.776337000000002,0.0,2.0854159999999995,4.468052,0.0,0.0,0.0,0.0,0.0,0.0,0.0,0.0,0.0,7.425571,North America,United States
260,University of Wollongong,0.0,0.0,0.0,4.843428,0.156133,0.0,0.0,0.0,0.0,0.0,0.0,0.0,0.0,0.0,1.7283769999999998,Australasia,Australia
261,Queen's University Belfast,0.0,0.301475,0.0,1.0563239999999998,0.064677,0.0,0.0,0.0,0.0,0.0,0.0,0.0,0.0,0.0,0.4591969999999999,Europe,United Kingdom
262,Iowa State University,0.0,4.023177,0.0,1.786531,0.734662,0.0,0.0,0.0,0.0,0.0,0.0,0.0,0.0,0.0,1.502117,North America,United States
263,DTU,0.0,8.734279999999998,0.0,7.396940999999999,0.341782,0.0,0.0,0.0,0.0,0.0,0.0,0.0,0.0,0.0,1.3346669999999996,Europe,Denmark
264,IIIT Delhi,0.0,0.533643,0.0,4.976441999999999,2.167455,0.0,0.0,0.0,0.0,0.0,0.0,0.0,0.0,0.0,3.343949,Asia,India
265,University of Notre Dame,0.0,3.569476,0.0,7.888392,8.547794,0.0,0.0,0.0,0.0,0.0,0.0,0.0,0.0,0.0,14.774492,North America,United States
266,Wayne State University,0.0,2.636729,0.0,8.533767,0.301475,0.0,0.0,0.0,0.0,0.0,0.0,0.0,0.0,0.0,0.557176,North America,United States
267,Karlsruhe Institute of Technology,0.0,3.199979999999999,0.0,7.981844000000001,0.156133,0.0,0.0,0.0,0.0,0.0,0.0,0.0,0.0,0.0,1.0483220000000002,Europe,Germany
268,VinUniversity,0.0,4.071434,0.0,4.878153,0.592414,0.0,0.0,0.0,0.0,0.0,0.0,0.0,0.0,0.0,0.531298,Asia,Vietnam
269,Tufts University,0.0,1.580086,0.0,2.404532,1.362578,0.0,0.0,0.0,0.0,0.0,0.0,0.0,0.0,0.0,0.229374,North America,United States
270,Keio University,0.0,0.458748,0.0,3.904467,0.156133,0.0,0.0,0.0,0.0,0.0,0.0,0.0,0.0,0.0,0.0,Asia,Japan
271,USTC,0.0,9.141048,0.0,12.017556,13.323500999999998,0.0,0.0,0.0,0.0,0.0,0.0,0.0,0.0,0.0,53.67529100000001,Asia,China
272,Tianjin University,0.0,3.4830300000000003,0.0,10.310149,2.786038,0.0,0.0,0.0,0.0,0.0,0.0,0.0,0.0,0.0,2.009761,Asia,China
273,North Carolina State University,0.0,4.919447999999999,0.0,1.7881080000000005,0.8709229999999999,0.0,0.0,0.0,0.0,0.0,0.0,0.0,0.0,0.0,6.837904,North America,United States
274,University of Leeds,0.0,1.234002,0.0,3.522254,0.41622,0.0,0.0,0.0,0.0,0.0,0.0,0.0,0.0,0.0,1.628081,Europe,United Kingdom
275,Hasso Plattner Institute,0.0,1.530437,0.0,1.925353,5.505001999999999,0.0,0.0,0.0,0.0,0.0,0.0,0.0,0.0,0.0,4.565072000000001,Europe,Germany
276,Hacettepe University,0.0,0.0,0.0,2.370843,1.262312,0.0,0.0,0.0,0.0,0.0,0.0,0.0,0.0,0.0,1.615826,Asia,Turkey
277,University of Hawaii at Manoa,0.0,1.195084,0.0,1.86971,0.0,0.0,0.0,0.0,0.0,0.0,0.0,0.0,0.0,0.0,1.397135,North America,United States
278,University of Lübeck,0.0,0.446287,0.0,0.905035,0.0,0.0,0.0,0.0,0.0,0.0,0.0,0.0,0.0,0.0,0.3019239999999999,Europe,Germany
279,University of Mannheim,0.0,1.355102,0.0,1.198403,4.156093,0.0,0.0,0.0,0.0,0.0,0.0,0.0,0.0,0.0,5.005982000000001,Europe,Germany
280,Université Paris Dauphine,0.0,0.46505,0.0,1.263872,0.446287,0.0,0.0,0.0,0.0,0.0,0.0,0.0,0.0,0.0,0.0,Europe,France
281,University of Manitoba,0.0,1.479845,0.0,1.867472,0.0,0.0,0.0,0.0,0.0,0.0,0.0,0.0,0.0,0.0,1.182249,North America,Canada
282,UFRGS,0.0,0.889626,0.0,0.892574,0.095765,0.0,0.0,0.0,0.0,0.0,0.0,0.0,0.0,0.0,1.9466140000000005,South America,Brazil
283,Universidade de Brasília,0.0,0.446287,0.0,1.343745,0.0,0.0,0.0,0.0,0.0,0.0,0.0,0.0,0.0,0.0,0.000449,South America,Brazil
284,Clemson University,0.0,1.837559,0.0,5.016050999999999,0.14622,0.0,0.0,0.0,0.0,0.0,0.0,0.0,0.0,0.0,1.092059,North America,United States
285,University of Pittsburgh,0.0,1.952906,0.0,5.697483,10.4598,0.0,0.0,0.0,0.0,0.0,0.0,0.0,0.0,0.0,3.08121,North America,United States
286,University of New Mexico,0.0,1.051097,0.0,1.878391,0.446287,0.0,0.0,0.0,0.0,0.0,0.0,0.0,0.0,0.0,1.7982519999999995,North America,United States
287,University of Kentucky,0.0,1.054157,0.0,0.892574,1.934844,0.0,0.0,0.0,0.0,0.0,0.0,0.0,0.0,0.0,1.061617,North America,United States
288,Georgetown University,0.0,10.232843,0.0,2.38796,7.644226,0.0,0.0,0.0,0.0,0.0,0.0,0.0,0.0,0.0,7.900789,North America,United States
289,IIT Ropar,0.0,1.145665,0.0,1.362578,0.0,0.0,0.0,0.0,0.0,0.0,0.0,0.0,0.0,0.0,0.000449,Asia,India
290,King's College London,0.0,2.419109,0.0,4.098963,6.696296999999999,0.0,0.0,0.0,0.0,0.0,0.0,0.0,0.0,0.0,3.6893500000000015,Europe,United Kingdom
291,Xidian University,0.0,2.290397,0.0,17.269261999999998,0.269612,0.0,0.0,0.0,0.0,0.0,0.0,0.0,0.0,0.0,4.573892,Asia,China
292,Northwestern University,0.0,13.753159,0.0,7.737318,8.866732999999998,0.0,0.0,0.0,0.0,0.0,0.0,0.0,0.0,0.0,8.555807999999999,North America,United States
293,NTUA,0.0,0.763048,0.0,2.800542,1.569566,0.0,0.0,0.0,0.0,0.0,0.0,0.0,0.0,0.0,0.638923,Europe,Greece
294,Portland State University,0.0,0.095765,0.0,6.351531999999999,1.217766,0.0,0.0,0.0,0.0,0.0,0.0,0.0,0.0,0.0,0.938331,North America,United States
295,Sichuan University,0.0,2.071737,0.0,7.603416999999999,2.9675450000000003,0.0,0.0,0.0,0.0,0.0,0.0,0.0,0.0,0.0,7.072138999999999,Asia,China
296,IIT Bombay,0.0,7.314931,0.0,2.352465,11.272019999999998,0.0,0.0,0.0,0.0,0.0,0.0,0.0,0.0,0.0,6.884550000000001,Asia,India
297,University of Cape Town,0.0,0.0,0.0,0.446287,0.0,0.0,0.0,0.0,0.0,0.0,0.0,0.0,0.0,0.0,0.0,Africa,South Africa
298,University of Colorado Boulder,0.0,10.148383999999998,0.0,4.182447999999999,22.97312000000001,0.0,0.0,0.0,0.0,0.0,0.0,0.0,0.0,0.0,21.856229,North America,United States
299,UNSW,0.0,10.250628,0.0,6.663063000000001,0.500183,0.0,0.0,0.0,0.0,0.0,0.0,0.0,0.0,0.0,10.410602,Australasia,Australia
300,West Virginia University,0.0,1.510151,0.0,8.634551,0.301475,0.0,0.0,0.0,0.0,0.0,0.0,0.0,0.0,0.0,2.872195,North America,United States
301,University of Delaware,0.0,0.185649,0.0,4.644299,1.4498609999999998,0.0,0.0,0.0,0.0,0.0,0.0,0.0,0.0,0.0,13.155534,North America,United States
302,Vanderbilt University,0.0,2.7089290000000004,0.0,2.33546,0.514682,0.0,0.0,0.0,0.0,0.0,0.0,0.0,0.0,0.0,3.1512900000000004,North America,United States
303,OHSU,0.0,0.0,0.0,0.383853,0.752682,0.0,0.0,0.0,0.0,0.0,0.0,0.0,0.0,0.0,0.377934,North America,United States
304,University of Exeter,0.0,1.3406820000000002,0.0,7.503415000000001,0.156133,0.0,0.0,0.0,0.0,0.0,0.0,0.0,0.0,0.0,0.105978,Europe,United Kingdom
305,HUST,0.0,2.57521,0.0,6.152687,2.7503509999999998,0.0,0.0,0.0,0.0,0.0,0.0,0.0,0.0,0.0,4.086827,Asia,China
306,Cleveland State University,0.0,0.074319,0.0,1.330676,0.0,0.0,0.0,0.0,0.0,0.0,0.0,0.0,0.0,0.0,0.0,North America,United States
307,University of Connecticut,0.0,1.882624,0.0,1.482261,0.768151,0.0,0.0,0.0,0.0,0.0,0.0,0.0,0.0,0.0,4.270510999999999,North America,United States
308,Istanbul Technical University,0.0,0.4194279999999999,0.0,3.973955,1.483455,0.0,0.0,0.0,0.0,0.0,0.0,0.0,0.0,0.0,0.0,Asia,Turkey
309,Florida International University,0.0,0.348025,0.0,1.082172,2.018231,0.0,0.0,0.0,0.0,0.0,0.0,0.0,0.0,0.0,2.059163,North America,United States
310,Yangzhou University,0.0,0.0,0.0,1.016861,0.733891,0.0,0.0,0.0,0.0,0.0,0.0,0.0,0.0,0.0,0.0,Asia,China
311,NJIT,0.0,1.732077,0.0,0.868297,0.185649,0.0,0.0,0.0,0.0,0.0,0.0,0.0,0.0,0.0,1.0461859999999998,North America,United States
312,University of Regensburg,0.0,0.185649,0.0,2.399668,0.0,0.0,0.0,0.0,0.0,0.0,0.0,0.0,0.0,0.0,0.301475,Europe,Germany
313,College of William and Mary,0.0,1.3802500000000002,0.0,1.924773,1.081574,0.0,0.0,0.0,0.0,0.0,0.0,0.0,0.0,0.0,1.871686,North America,United States
314,University of Manchester,0.0,4.2486060000000005,0.0,1.386827,11.739593,0.0,0.0,0.0,0.0,0.0,0.0,0.0,0.0,0.0,8.102602,Europe,United Kingdom
315,Open University UK,0.0,1.303766,0.0,1.61843,5.683212999999999,0.0,0.0,0.0,0.0,0.0,0.0,0.0,0.0,0.0,1.163933,Europe,United Kingdom
316,University of Ottawa,0.0,1.558946,0.0,2.525275,6.518670999999999,0.0,0.0,0.0,0.0,0.0,0.0,0.0,0.0,0.0,2.642176,North America,Canada
317,University of Bremen,0.0,1.151197,0.0,3.405111,0.0,0.0,0.0,0.0,0.0,0.0,0.0,0.0,0.0,0.0,0.292525,Europe,Germany
318,Western University,0.0,2.038834,0.0,4.014271,2.20171,0.0,0.0,0.0,0.0,0.0,0.0,0.0,0.0,0.0,0.60295,North America,Canada
319,Binghamton University,0.0,2.3587,0.0,5.812718,2.638756,0.0,0.0,0.0,0.0,0.0,0.0,0.0,0.0,0.0,4.701761,North America,United States
320,SUFE,0.0,2.4023570000000003,0.0,2.408637,3.189794,0.0,0.0,0.0,0.0,0.0,0.0,0.0,0.0,0.0,4.757347,Asia,China
321,University of Augsburg,0.0,0.0,0.0,0.60295,0.0,0.0,0.0,0.0,0.0,0.0,0.0,0.0,0.0,0.0,0.000898,Europe,Germany
322,IT University of Copenhagen,0.0,9.426484,0.0,0.301475,7.03152,0.0,0.0,0.0,0.0,0.0,0.0,0.0,0.0,0.0,3.464257000000001,Europe,Denmark
323,University of Tsukuba,0.0,1.745515,0.0,6.737866,0.705962,0.0,0.0,0.0,0.0,0.0,0.0,0.0,0.0,0.0,2.490466,Asia,Japan
324,Humboldt University of Berlin,0.0,1.945022,0.0,1.162785,11.430555,0.0,0.0,0.0,0.0,0.0,0.0,0.0,0.0,0.0,1.043621,Europe,Germany
325,University of Houston,0.0,0.244879,0.0,4.465057,0.933411,0.0,0.0,0.0,0.0,0.0,0.0,0.0,0.0,0.0,1.248425,North America,United States
326,University of Strathclyde,0.0,0.301475,0.0,0.301475,0.6987090000000001,0.0,0.0,0.0,0.0,0.0,0.0,0.0,0.0,0.0,16.057697,Europe,United Kingdom
327,Worcester Polytechnic Institute,0.0,0.6727730000000001,0.0,4.518105,0.865817,0.0,0.0,0.0,0.0,0.0,0.0,0.0,0.0,0.0,4.107306000000001,North America,United States
328,Jadavpur University,0.0,0.0,0.0,0.760223,0.0,0.0,0.0,0.0,0.0,0.0,0.0,0.0,0.0,0.0,0.922474,Asia,India
329,IIIT Bangalore,0.0,0.0,0.0,0.530849,0.0,0.0,0.0,0.0,0.0,0.0,0.0,0.0,0.0,0.0,0.301475,Asia,India
330,Heriot-Watt University,0.0,0.458748,0.0,1.11906,8.174271000000001,0.0,0.0,0.0,0.0,0.0,0.0,0.0,0.0,0.0,1.584087,Europe,United Kingdom
331,Radboud University,0.0,8.562389,0.0,0.949222,1.2059,0.0,0.0,0.0,0.0,0.0,0.0,0.0,0.0,0.0,8.576095,Europe,Netherlands
332,University of Haifa,0.0,6.797369,0.0,2.363578,0.631936,0.0,0.0,0.0,0.0,0.0,0.0,0.0,0.0,0.0,0.0,Asia,Israel
333,University of Iowa,0.0,6.406802999999999,0.0,0.60295,0.510788,0.0,0.0,0.0,0.0,0.0,0.0,0.0,0.0,0.0,0.34268,North America,United States
334,University of Konstanz,0.0,1.603821,0.0,3.2061269999999995,0.0,0.0,0.0,0.0,0.0,0.0,0.0,0.0,0.0,0.0,0.3019239999999999,Europe,Germany
335,Qatar University,0.0,0.0,0.0,0.904541,4.24145,0.0,0.0,0.0,0.0,0.0,0.0,0.0,0.0,0.0,3.2314039999999995,Asia,Qatar
336,Jilin University,0.0,0.0,0.0,0.260344,0.0,0.0,0.0,0.0,0.0,0.0,0.0,0.0,0.0,0.0,0.134806,Asia,China
337,Central South University,0.0,0.0,0.0,0.505223,0.430917,0.0,0.0,0.0,0.0,0.0,0.0,0.0,0.0,0.0,1.393381,Asia,China
338,University of Erlangen–Nuremberg,0.0,0.0,0.0,2.550202,0.0,0.0,0.0,0.0,0.0,0.0,0.0,0.0,0.0,0.0,1.292932,Europe,Germany
339,Brno University of Technology,0.0,0.0,0.0,1.432996,0.872562,0.0,0.0,0.0,0.0,0.0,0.0,0.0,0.0,0.0,0.074768,Europe,Czech Republic
340,University of Tennessee,0.0,0.0,0.0,1.351322,0.0,0.0,0.0,0.0,0.0,0.0,0.0,0.0,0.0,0.0,0.3019239999999999,North America,United States
341,IIT Jodhpur,0.0,0.588446,0.0,3.925912,0.832324,0.0,0.0,0.0,0.0,0.0,0.0,0.0,0.0,0.0,0.0,Asia,India
342,Ecole Normale Superieure de Lyon,0.0,1.1555429999999995,0.0,0.6993470000000003,0.134806,0.0,0.0,0.0,0.0,0.0,0.0,0.0,0.0,0.0,0.958598,Europe,France
343,University of Nottingham,0.0,0.229374,0.0,0.403141,0.631936,0.0,0.0,0.0,0.0,0.0,0.0,0.0,0.0,0.0,1.007475,Europe,United Kingdom
344,University of Luxembourg,0.0,0.229374,0.0,0.825357,0.0,0.0,0.0,0.0,0.0,0.0,0.0,0.0,0.0,0.0,2.500869,Europe,Luxembourg
345,UFMG,0.0,0.312266,0.0,1.308052,0.457608,0.0,0.0,0.0,0.0,0.0,0.0,0.0,0.0,0.0,8.638416999999997,South America,Brazil
346,Universidade de Lisboa,0.0,4.385528999999999,0.0,4.843011000000001,10.995157,0.0,0.0,0.0,0.0,0.0,0.0,0.0,0.0,0.0,3.004436000000001,Europe,Portugal
347,University of Athens,0.0,7.535702000000001,0.0,1.147975,0.446287,0.0,0.0,0.0,0.0,0.0,0.0,0.0,0.0,0.0,1.1479089999999998,Europe,Greece
348,Univ. of Maryland - Baltimore County,0.0,1.557397,0.0,2.184843,1.594093,0.0,0.0,0.0,0.0,0.0,0.0,0.0,0.0,0.0,1.4628269999999997,North America,United States
349,University of Liverpool,0.0,4.402699999999999,0.0,2.336734,3.018923,0.0,0.0,0.0,0.0,0.0,0.0,0.0,0.0,0.0,1.645933,Europe,United Kingdom
350,University of Warsaw,0.0,1.129563,0.0,0.582496,0.509659,0.0,0.0,0.0,0.0,0.0,0.0,0.0,0.0,0.0,1.2133969999999998,Europe,Poland
351,Kyoto University,0.0,0.8053589999999999,0.0,3.037154,4.432262999999999,0.0,0.0,0.0,0.0,0.0,0.0,0.0,0.0,0.0,1.185105,Asia,Japan
352,TU Ilmenau,0.0,0.0,0.0,0.987927,0.0,0.0,0.0,0.0,0.0,0.0,0.0,0.0,0.0,0.0,0.000449,Europe,Germany
353,Ariel University,0.0,1.889712,0.0,1.054731,5.560067,0.0,0.0,0.0,0.0,0.0,0.0,0.0,0.0,0.0,0.457608,Asia,Israel
354,Saarland University,0.0,7.205837000000001,0.0,4.420486,17.350996999999996,0.0,0.0,0.0,0.0,0.0,0.0,0.0,0.0,0.0,2.3201460000000003,Europe,Germany
355,Tokyo Institute of Technology,0.0,1.572225,0.0,1.632196,5.251241,0.0,0.0,0.0,0.0,0.0,0.0,0.0,0.0,0.0,0.7572009999999999,Asia,Japan
356,University of Szeged,0.0,0.916291,0.0,2.022507,1.443689,0.0,0.0,0.0,0.0,0.0,0.0,0.0,0.0,0.0,0.0,Europe,Hungary
357,Drexel University,0.0,3.295869,0.0,2.137944,3.706652,0.0,0.0,0.0,0.0,0.0,0.0,0.0,0.0,0.0,1.953431,North America,United States
358,Texas State University,0.0,0.458748,0.0,1.360296,1.637319,0.0,0.0,0.0,0.0,0.0,0.0,0.0,0.0,0.0,0.0,North America,United States
359,Emory University,0.0,3.741616,0.0,1.108607,9.823670999999996,0.0,0.0,0.0,0.0,0.0,0.0,0.0,0.0,0.0,15.261103,North America,United States
360,East China Normal University,0.0,0.503218,0.0,1.860178,2.119542,0.0,0.0,0.0,0.0,0.0,0.0,0.0,0.0,0.0,0.4761769999999999,Asia,China
361,City University of London,0.0,0.156133,0.0,0.677693,1.314782,0.0,0.0,0.0,0.0,0.0,0.0,0.0,0.0,0.0,1.881183,Europe,United Kingdom
362,Bocconi University,0.0,10.471886,0.0,0.774784,13.234876000000002,0.0,0.0,0.0,0.0,0.0,0.0,0.0,0.0,0.0,4.782028,Europe,Italy
363,University of Wroclaw,0.0,1.425244,0.0,0.5569470000000001,0.433623,0.0,0.0,0.0,0.0,0.0,0.0,0.0,0.0,0.0,0.106427,Europe,Poland
364,University of Antwerp,0.0,1.650559,0.0,0.371298,0.520329,0.0,0.0,0.0,0.0,0.0,0.0,0.0,0.0,0.0,0.675661,Europe,Belgium
365,University of Mainz,0.0,0.595983,0.0,2.334455,0.0,0.0,0.0,0.0,0.0,0.0,0.0,0.0,0.0,0.0,0.185649,Europe,Germany
366,University of Essex,0.0,0.0,0.0,1.6637589999999998,0.0,0.0,0.0,0.0,0.0,0.0,0.0,0.0,0.0,0.0,1.6743250000000005,Europe,United Kingdom
367,Polytechnic University of Catalonia,0.0,0.6748149999999999,0.0,1.536985,0.402502,0.0,0.0,0.0,0.0,0.0,0.0,0.0,0.0,0.0,0.375786,Europe,Spain
368,Case Western Reserve University,0.0,1.362578,0.0,0.752116,0.688122,0.0,0.0,0.0,0.0,0.0,0.0,0.0,0.0,0.0,0.320455,North America,United States
369,Bilkent University,0.0,0.359072,0.0,2.529762,0.0,0.0,0.0,0.0,0.0,0.0,0.0,0.0,0.0,0.0,2.23448,Asia,Turkey
370,Middle East Technical University,0.0,0.458748,0.0,3.5696710000000005,0.0,0.0,0.0,0.0,0.0,0.0,0.0,0.0,0.0,0.0,0.833689,Asia,Turkey
371,Boise State University,0.0,0.156133,0.0,0.156133,0.36418,0.0,0.0,0.0,0.0,0.0,0.0,0.0,0.0,0.0,0.0,North America,United States
372,Washington State University,0.0,4.490615,0.0,1.012247,0.301475,0.0,0.0,0.0,0.0,0.0,0.0,0.0,0.0,0.0,0.000449,North America,United States
373,University of Kent,0.0,0.472311,0.0,1.435159,0.185649,0.0,0.0,0.0,0.0,0.0,0.0,0.0,0.0,0.0,0.3028219999999999,Europe,United Kingdom
374,PTIT,0.0,0.0,0.0,0.36418,0.301475,0.0,0.0,0.0,0.0,0.0,0.0,0.0,0.0,0.0,0.0,Asia,Vietnam
375,University of Otago,0.0,0.0,0.0,0.118651,0.301475,0.0,0.0,0.0,0.0,0.0,0.0,0.0,0.0,0.0,3.42993,Australasia,New Zealand
376,University of Georgia,0.0,2.709657,0.0,1.260155,0.2168729999999999,0.0,0.0,0.0,0.0,0.0,0.0,0.0,0.0,0.0,4.226097,North America,United States
377,CUNY,0.0,0.916291,0.0,1.293897,2.091358,0.0,0.0,0.0,0.0,0.0,0.0,0.0,0.0,0.0,0.1574799999999999,North America,United States
378,University of Catania,0.0,0.069414,0.0,1.644432,0.023394,0.0,0.0,0.0,0.0,0.0,0.0,0.0,0.0,0.0,0.0,Europe,Italy
379,USP,0.0,0.192368,0.0,0.193775,0.0,0.0,0.0,0.0,0.0,0.0,0.0,0.0,0.0,0.0,0.4494289999999999,South America,Brazil
380,UiT The Arctic University of Norway,0.0,1.134084,0.0,1.142008,0.0,0.0,0.0,0.0,0.0,0.0,0.0,0.0,0.0,0.0,0.156133,Europe,Norway
381,University of Bergen,0.0,1.507985,0.0,0.309684,0.0,0.0,0.0,0.0,0.0,0.0,0.0,0.0,0.0,0.0,0.325471,Europe,Norway
382,University of Klagenfurt,0.0,0.0,0.0,0.495333,2.635039,0.0,0.0,0.0,0.0,0.0,0.0,0.0,0.0,0.0,9.515779,Europe,Austria
383,BITS Pilani,0.0,0.0,0.0,0.075232,0.0,0.0,0.0,0.0,0.0,0.0,0.0,0.0,0.0,0.0,0.446287,Asia,India
384,KIIT Bhubaneswar,0.0,0.0,0.0,0.075232,0.0,0.0,0.0,0.0,0.0,0.0,0.0,0.0,0.0,0.0,0.0,Asia,India
385,University of Saskatchewan,0.0,0.132336,0.0,0.1688819999999999,0.0,0.0,0.0,0.0,0.0,0.0,0.0,0.0,0.0,0.0,0.229823,North America,Canada
386,Uppsala University,0.0,0.673423,0.0,1.331632,0.0,0.0,0.0,0.0,0.0,0.0,0.0,0.0,0.0,0.0,0.6038479999999999,Europe,Sweden
387,University of Missouri,0.0,0.916291,0.0,0.542763,0.0,0.0,0.0,0.0,0.0,0.0,0.0,0.0,0.0,0.0,0.069163,North America,United States
388,University of Massachusetts Lowell,0.0,1.271644,0.0,1.94591,4.832372,0.0,0.0,0.0,0.0,0.0,0.0,0.0,0.0,0.0,0.602787,North America,United States
389,CWI,0.0,2.664906,0.0,2.727542,0.0,0.0,0.0,0.0,0.0,0.0,0.0,0.0,0.0,0.0,1.0742199999999995,Europe,Netherlands
390,IIT Kharagpur,0.0,1.867472,0.0,4.624289,3.742076,0.0,0.0,0.0,0.0,0.0,0.0,0.0,0.0,0.0,5.867882999999999,Asia,India
391,ISI Kolkata,0.0,1.171417,0.0,1.829006,0.229374,0.0,0.0,0.0,0.0,0.0,0.0,0.0,0.0,0.0,1.871041,Asia,India
392,Saint Louis University,0.0,0.0,0.0,0.916291,0.0,0.0,0.0,0.0,0.0,0.0,0.0,0.0,0.0,0.0,0.0,North America,United States
393,Universidad de Zaragoza,0.0,0.0,0.0,2.435532,0.0,0.0,0.0,0.0,0.0,0.0,0.0,0.0,0.0,0.0,0.0,Europe,Spain
394,University of Basel,0.0,2.863045,0.0,2.03757,0.301475,0.0,0.0,0.0,0.0,0.0,0.0,0.0,0.0,0.0,0.000449,Europe,Switzerland
395,Syracuse University,0.0,0.984246,0.0,1.09523,0.12148,0.0,0.0,0.0,0.0,0.0,0.0,0.0,0.0,0.0,1.913205,North America,United States
396,Carleton University,0.0,2.754518,0.0,1.421185,0.301475,0.0,0.0,0.0,0.0,0.0,0.0,0.0,0.0,0.0,1.734028,North America,Canada
397,NYU Abu Dhabi,0.0,1.924099,0.0,1.84484,3.239695,0.0,0.0,0.0,0.0,0.0,0.0,0.0,0.0,0.0,1.343238,Asia,United Arab Emirates
398,Colorado School of Mines,0.0,0.0,0.0,0.595983,0.0,0.0,0.0,0.0,0.0,0.0,0.0,0.0,0.0,0.0,0.385507,North America,United States
399,University of Potsdam,0.0,2.606016,0.0,0.595983,2.8437430000000004,0.0,0.0,0.0,0.0,0.0,0.0,0.0,0.0,0.0,0.320455,Europe,Germany
400,University of Ulm,0.0,0.446287,0.0,0.825357,0.105978,0.0,0.0,0.0,0.0,0.0,0.0,0.0,0.0,0.0,0.000449,Europe,Germany
401,Maynooth University,0.0,0.0,0.0,1.335913,0.675661,0.0,0.0,0.0,0.0,0.0,0.0,0.0,0.0,0.0,0.0,Europe,Ireland
402,Maastricht University,0.0,1.049237,0.0,0.446287,0.301475,0.0,0.0,0.0,0.0,0.0,0.0,0.0,0.0,0.0,0.325139,Europe,Netherlands
403,VU Amsterdam,0.0,2.6070079999999995,0.0,3.500872,0.8348,0.0,0.0,0.0,0.0,0.0,0.0,0.0,0.0,0.0,2.3617770000000005,Europe,Netherlands
404,The Catholic University of Korea,0.0,0.0,0.0,0.675661,0.229374,0.0,0.0,0.0,0.0,0.0,0.0,0.0,0.0,0.0,0.0,Asia,South Korea
405,University of Dundee,0.0,0.0,0.0,1.664053,1.130828,0.0,0.0,0.0,0.0,0.0,0.0,0.0,0.0,0.0,0.000449,Europe,United Kingdom
406,University of Twente,0.0,0.0,0.0,1.362578,0.0,0.0,0.0,0.0,0.0,0.0,0.0,0.0,0.0,0.0,0.000898,Europe,Netherlands
407,Bielefeld University,0.0,0.0,0.0,0.446287,0.3043,0.0,0.0,0.0,0.0,0.0,0.0,0.0,0.0,0.0,0.420126,Europe,Germany
408,Toronto Metropolitan University,0.0,0.371298,0.0,0.446287,0.229374,0.0,0.0,0.0,0.0,0.0,0.0,0.0,0.0,0.0,0.301475,North America,Canada
409,Loughborough University,0.0,0.301475,0.0,0.446287,0.0,0.0,0.0,0.0,0.0,0.0,0.0,0.0,0.0,0.0,0.0,Europe,United Kingdom
410,Boğaziçi University,0.0,0.0,0.0,0.526597,0.301475,0.0,0.0,0.0,0.0,0.0,0.0,0.0,0.0,0.0,0.156133,Asia,Turkey
411,Tata Inst. of Fundamental Research,0.0,0.8317939999999999,0.0,0.903895,0.0,0.0,0.0,0.0,0.0,0.0,0.0,0.0,0.0,0.0,0.301475,Asia,India
412,Tulane University,0.0,1.586375,0.0,2.432769,1.883184,0.0,0.0,0.0,0.0,0.0,0.0,0.0,0.0,0.0,0.904344,North America,United States
413,University of Tartu,0.0,0.909968,0.0,0.60242,1.56865,0.0,0.0,0.0,0.0,0.0,0.0,0.0,0.0,0.0,0.087356,Europe,Estonia
414,University of Louisiana - Lafayette,0.0,0.301475,0.0,0.675661,0.0,0.0,0.0,0.0,0.0,0.0,0.0,0.0,0.0,0.0,0.688122,North America,United States
415,Chongqing University,0.0,1.105455,0.0,1.311223,0.771845,0.0,0.0,0.0,0.0,0.0,0.0,0.0,0.0,0.0,3.464163000000002,Asia,China
416,Griffith University,0.0,2.662235000000001,0.0,1.570196,0.385507,0.0,0.0,0.0,0.0,0.0,0.0,0.0,0.0,0.0,8.366389999999999,Australasia,Australia
417,UNC - Charlotte,0.0,0.0,0.0,3.353788,3.527848,0.0,0.0,0.0,0.0,0.0,0.0,0.0,0.0,0.0,1.7776009999999998,North America,United States
418,University of Alabama - Birmingham,0.0,0.0,0.0,0.359072,0.0,0.0,0.0,0.0,0.0,0.0,0.0,0.0,0.0,0.0,0.0,North America,United States
419,University of Cincinnati,0.0,0.398984,0.0,0.573405,0.446287,0.0,0.0,0.0,0.0,0.0,0.0,0.0,0.0,0.0,0.051363,North America,United States
420,Waseda University,0.0,0.0,0.0,1.082931,0.559623,0.0,0.0,0.0,0.0,0.0,0.0,0.0,0.0,0.0,5.44321,Asia,Japan
421,University of Halle-Wittenberg,0.0,0.0,0.0,0.301475,0.0,0.0,0.0,0.0,0.0,0.0,0.0,0.0,0.0,0.0,0.3019239999999999,Europe,Germany
422,University of Oldenburg,0.0,0.0,0.0,0.301475,0.0,0.0,0.0,0.0,0.0,0.0,0.0,0.0,0.0,0.0,0.000898,Europe,Germany
423,Cyprus University of Technology,0.0,0.959718,0.0,0.301475,0.105978,0.0,0.0,0.0,0.0,0.0,0.0,0.0,0.0,0.0,2.87893,Asia,Cyprus
424,NAIST,0.0,0.229374,0.0,1.07557,2.626747,0.0,0.0,0.0,0.0,0.0,0.0,0.0,0.0,0.0,0.484181,Asia,Japan
425,University of Vermont,0.0,0.416477,0.0,0.39515,0.08031,0.0,0.0,0.0,0.0,0.0,0.0,0.0,0.0,0.0,0.458748,North America,United States
426,Pontificia Universidad Catolica de Chile,0.0,4.345774,0.0,1.092939,1.04227,0.0,0.0,0.0,0.0,0.0,0.0,0.0,0.0,0.0,5.575196000000001,South America,Chile
427,Brandeis University,0.0,2.740874,0.0,1.191256,7.179728,0.0,0.0,0.0,0.0,0.0,0.0,0.0,0.0,0.0,1.533416,North America,United States
428,University of Salzburg,0.0,0.673423,0.0,1.637855,0.0,0.0,0.0,0.0,0.0,0.0,0.0,0.0,0.0,0.0,0.185649,Europe,Austria
429,University of Memphis,0.0,0.0,0.0,0.8317939999999999,0.0,0.0,0.0,0.0,0.0,0.0,0.0,0.0,0.0,0.0,0.8081,North America,United States
430,Florida Institute of Technology,0.0,0.0,0.0,0.185649,0.0,0.0,0.0,0.0,0.0,0.0,0.0,0.0,0.0,0.0,0.446287,North America,United States
431,University of Aberdeen,0.0,0.301475,0.0,0.487124,3.997245,0.0,0.0,0.0,0.0,0.0,0.0,0.0,0.0,0.0,1.048707,Europe,United Kingdom
432,Aalborg University,0.0,0.786321,0.0,0.185649,3.280663,0.0,0.0,0.0,0.0,0.0,0.0,0.0,0.0,0.0,5.479487,Europe,Denmark
433,Universidad de Chile,0.0,0.975937,0.0,0.312266,2.446304,0.0,0.0,0.0,0.0,0.0,0.0,0.0,0.0,0.0,6.26124,South America,Chile
434,Augusta University,0.0,0.162852,0.0,0.314511,0.0,0.0,0.0,0.0,0.0,0.0,0.0,0.0,0.0,0.0,0.448531,North America,United States
435,IPM,0.0,0.0,0.0,0.156133,0.0,0.0,0.0,0.0,0.0,0.0,0.0,0.0,0.0,0.0,0.0,Asia,Iran
436,Università della Svizzera italiana,0.0,0.446287,0.0,0.134806,2.7141760000000006,0.0,0.0,0.0,0.0,0.0,0.0,0.0,0.0,0.0,6.669734999999999,Europe,Switzerland
437,LUMS,0.0,0.118651,0.0,0.237302,0.5069140000000001,0.0,0.0,0.0,0.0,0.0,0.0,0.0,0.0,0.0,0.0,Asia,Pakistan
438,TU Eindhoven,0.0,0.630354,0.0,0.100255,0.752682,0.0,0.0,0.0,0.0,0.0,0.0,0.0,0.0,0.0,0.234919,Europe,Netherlands
439,EURECOM,0.0,1.870706,0.0,0.174712,0.850968,0.0,0.0,0.0,0.0,0.0,0.0,0.0,0.0,0.0,4.610581,Europe,France
440,KTH Royal Institute of Technology,0.0,0.8367650000000001,0.0,0.002245,0.730789,0.0,0.0,0.0,0.0,0.0,0.0,0.0,0.0,0.0,6.150628999999999,Europe,Sweden
441,University of Hildesheim,0.0,0.0,0.0,0.0,0.0,0.0,0.0,0.0,0.0,0.0,0.0,0.0,0.0,0.0,8.070521,Europe,Germany
442,DePaul University,0.0,0.0,0.0,0.0,0.939667,0.0,0.0,0.0,0.0,0.0,0.0,0.0,0.0,0.0,10.862243,North America,United States
443,Louisiana State University,0.0,0.229374,0.0,0.0,0.229374,0.0,0.0,0.0,0.0,0.0,0.0,0.0,0.0,0.0,2.191579,North America,United States
444,AUEB,0.0,4.062303,0.0,1.119721,7.850522,0.0,0.0,0.0,0.0,0.0,0.0,0.0,0.0,0.0,6.25504,Europe,Greece
445,Ecole Normale Superieure de Cachan,0.0,0.185649,0.0,0.0,0.446287,0.0,0.0,0.0,0.0,0.0,0.0,0.0,0.0,0.0,1.946808,Europe,France
446,Lehigh University,0.0,1.826861,0.0,0.631936,1.933206,0.0,0.0,0.0,0.0,0.0,0.0,0.0,0.0,0.0,3.985499,North America,United States
447,RMIT University,0.0,2.102407,0.0,0.0,5.221361999999999,0.0,0.0,0.0,0.0,0.0,0.0,0.0,0.0,0.0,24.590593,Australasia,Australia
448,Paderborn University,0.0,1.3237439999999998,0.0,0.0,0.690354,0.0,0.0,0.0,0.0,0.0,0.0,0.0,0.0,0.0,1.949623,Europe,Germany
449,Dalhousie University,0.0,2.857976,0.0,0.673423,6.886858999999999,0.0,0.0,0.0,0.0,0.0,0.0,0.0,0.0,0.0,3.978492,North America,Canada
450,University of Texas at San Antonio,0.0,0.5762590000000001,0.0,0.60295,0.0,0.0,0.0,0.0,0.0,0.0,0.0,0.0,0.0,0.0,3.20395,North America,United States
451,University of Leipzig,0.0,0.621183,0.0,0.0,2.834579,0.0,0.0,0.0,0.0,0.0,0.0,0.0,0.0,0.0,3.20559,Europe,Germany
452,Qatar Computing Research Institute,0.0,2.246144,0.0,0.0,22.717561000000003,0.0,0.0,0.0,0.0,0.0,0.0,0.0,0.0,0.0,5.049682999999999,Asia,Qatar
453,University of Murcia,0.0,0.0,0.0,0.0,0.0,0.0,0.0,0.0,0.0,0.0,0.0,0.0,0.0,0.0,0.916291,Europe,Spain
454,University of Innsbruck,0.0,0.013438,0.0,0.00449,0.312266,0.0,0.0,0.0,0.0,0.0,0.0,0.0,0.0,0.0,4.06231,Europe,Austria
455,University of Fribourg,0.0,0.185649,0.0,0.330249,1.559515,0.0,0.0,0.0,0.0,0.0,0.0,0.0,0.0,0.0,1.42214,Europe,Switzerland
456,University of Ioannina,0.0,0.0,0.0,0.0,0.916291,0.0,0.0,0.0,0.0,0.0,0.0,0.0,0.0,0.0,2.014564,Europe,Greece
457,University of Louisville,0.0,0.0,0.0,0.0,0.0,0.0,0.0,0.0,0.0,0.0,0.0,0.0,0.0,0.0,1.426105,North America,United States
458,University of Auckland,0.0,0.76129,0.0,0.0,0.0,0.0,0.0,0.0,0.0,0.0,0.0,0.0,0.0,0.0,2.816048,Australasia,New Zealand
459,University of Bamberg,0.0,0.348025,0.0,0.0,2.058844,0.0,0.0,0.0,0.0,0.0,0.0,0.0,0.0,0.0,0.8988060000000001,Europe,Germany
460,University of Düsseldorf,0.0,0.0,0.0,0.0,7.594184999999999,0.0,0.0,0.0,0.0,0.0,0.0,0.0,0.0,0.0,2.342586,Europe,Germany
461,IIT Patna,0.0,0.0,0.0,0.0,2.156676,0.0,0.0,0.0,0.0,0.0,0.0,0.0,0.0,0.0,2.550456,Asia,India
462,University of Trier,0.0,0.0,0.0,0.0,0.0,0.0,0.0,0.0,0.0,0.0,0.0,0.0,0.0,0.0,1.455403,Europe,Germany
463,University of New Hampshire,0.0,1.136275,0.0,0.0,2.232938,0.0,0.0,0.0,0.0,0.0,0.0,0.0,0.0,0.0,4.49538,North America,United States
464,IMDEA Networks Institute,0.0,0.0,0.0,0.0,0.156133,0.0,0.0,0.0,0.0,0.0,0.0,0.0,0.0,0.0,1.433066,Europe,Spain
465,University of Kansas,0.0,1.778639,0.0,0.673423,0.229374,0.0,0.0,0.0,0.0,0.0,0.0,0.0,0.0,0.0,0.934476,North America,United States
466,NTNU,0.0,0.5375679999999999,0.0,0.5982280000000001,0.185649,0.0,0.0,0.0,0.0,0.0,0.0,0.0,0.0,0.0,2.8440410000000003,Europe,Norway
467,Naval Postgraduate School,0.0,0.747762,0.0,0.0,0.0,0.0,0.0,0.0,0.0,0.0,0.0,0.0,0.0,0.0,0.446287,North America,United States
468,University of Salerno,0.0,0.8300460000000001,0.0,0.0,0.6006720000000001,0.0,0.0,0.0,0.0,0.0,0.0,0.0,0.0,0.0,0.631936,Europe,Italy
469,University College Dublin,0.0,1.403538,0.0,0.892574,0.08031,0.0,0.0,0.0,0.0,0.0,0.0,0.0,0.0,0.0,3.506822,Europe,Ireland
470,University of Piraeus,0.0,0.118651,0.0,0.0,0.0,0.0,0.0,0.0,0.0,0.0,0.0,0.0,0.0,0.0,1.408758,Europe,Greece
471,University of Waikato,0.0,1.19599,0.0,0.0,1.500444,0.0,0.0,0.0,0.0,0.0,0.0,0.0,0.0,0.0,1.542563,Australasia,New Zealand
472,UNICAMP,0.0,0.0,0.0,0.0,0.0,0.0,0.0,0.0,0.0,0.0,0.0,0.0,0.0,0.0,1.02855,South America,Brazil
473,Oklahoma State University,0.0,0.0,0.0,0.0,0.0,0.0,0.0,0.0,0.0,0.0,0.0,0.0,0.0,0.0,0.892574,North America,United States
474,King Abdulaziz University,0.0,0.0,0.0,0.0,0.0,0.0,0.0,0.0,0.0,0.0,0.0,0.0,0.0,0.0,1.11906,Asia,Saudi Arabia
475,Kansas State University,0.0,0.446287,0.0,0.0,0.752682,0.0,0.0,0.0,0.0,0.0,0.0,0.0,0.0,0.0,0.747762,North America,United States
476,University of Texas - El Paso,0.0,0.0,0.0,0.402502,0.0,0.0,0.0,0.0,0.0,0.0,0.0,0.0,0.0,0.0,0.4467359999999999,North America,United States
477,IIT Gandhinagar,0.0,1.123279,0.0,0.301475,0.301475,0.0,0.0,0.0,0.0,0.0,0.0,0.0,0.0,0.0,0.446287,Asia,India
478,University of Tulsa,0.0,0.229374,0.0,0.0,0.60295,0.0,0.0,0.0,0.0,0.0,0.0,0.0,0.0,0.0,0.446287,North America,United States
479,IIT Bhilai,0.0,0.0,0.0,0.0,0.229374,0.0,0.0,0.0,0.0,0.0,0.0,0.0,0.0,0.0,0.446287,Asia,India
480,Birkbeck University of London,0.0,0.118651,0.0,0.156133,0.0,0.0,0.0,0.0,0.0,0.0,0.0,0.0,0.0,0.0,2.405326,Europe,United Kingdom
481,Chalmers/GU,0.0,0.236093,0.0,0.002245,0.498003,0.0,0.0,0.0,0.0,0.0,0.0,0.0,0.0,0.0,0.3342889999999999,Europe,Sweden
482,Bauhaus University Weimar,0.0,0.105978,0.0,0.0,5.9793780000000005,0.0,0.0,0.0,0.0,0.0,0.0,0.0,0.0,0.0,3.639708,Europe,Germany
483,Université libre de Bruxelles,0.0,0.747762,0.0,0.0,0.415023,0.0,0.0,0.0,0.0,0.0,0.0,0.0,0.0,0.0,0.487124,Europe,Belgium
484,Illinois Institute of Technology,0.0,1.281681,0.0,0.760798,0.301475,0.0,0.0,0.0,0.0,0.0,0.0,0.0,0.0,0.0,0.8753240000000001,North America,United States
485,NISER,0.0,2.028734,0.0,0.0,0.0,0.0,0.0,0.0,0.0,0.0,0.0,0.0,0.0,0.0,0.301475,Asia,India
486,Özyeğin University,0.0,1.283531,0.0,0.60295,0.0,0.0,0.0,0.0,0.0,0.0,0.0,0.0,0.0,0.0,0.301475,Asia,Turkey
487,University of Münster,0.0,0.312266,0.0,0.185649,0.0,0.0,0.0,0.0,0.0,0.0,0.0,0.0,0.0,0.0,0.3019239999999999,Europe,Germany
488,Missouri University of Technology,0.0,0.0,0.0,0.0,0.0,0.0,0.0,0.0,0.0,0.0,0.0,0.0,0.0,0.0,0.301475,North America,United States
489,Universidad Rey Juan Carlos,0.0,0.0,0.0,0.0,0.0,0.0,0.0,0.0,0.0,0.0,0.0,0.0,0.0,0.0,0.603399,Europe,Spain
490,IIT Goa,0.0,0.0,0.0,0.0,0.0,0.0,0.0,0.0,0.0,0.0,0.0,0.0,0.0,0.0,0.301475,Asia,India
491,Utah State University,0.0,0.0,0.0,0.0,0.446287,0.0,0.0,0.0,0.0,0.0,0.0,0.0,0.0,0.0,0.487124,North America,United States
492,IIT Dharwad,0.0,0.0,0.0,0.0,0.0,0.0,0.0,0.0,0.0,0.0,0.0,0.0,0.0,0.0,0.301475,Asia,India
493,Masaryk University,0.0,0.520329,0.0,0.0,0.407453,0.0,0.0,0.0,0.0,0.0,0.0,0.0,0.0,0.0,1.1378400000000002,Europe,Czech Republic
494,Université du Québec à Montréal,0.0,0.674992,0.0,0.0,0.0,0.0,0.0,0.0,0.0,0.0,0.0,0.0,0.0,0.0,1.713094,North America,Canada
495,University of Sussex,0.0,0.0,0.0,0.0,0.788599,0.0,0.0,0.0,0.0,0.0,0.0,0.0,0.0,0.0,0.3019239999999999,Europe,United Kingdom
496,University of Groningen,0.0,2.806003,0.0,0.0,17.761757000000003,0.0,0.0,0.0,0.0,0.0,0.0,0.0,0.0,0.0,2.139245,Europe,Netherlands
497,University of Malta,0.0,0.0,0.0,0.0,1.284857,0.0,0.0,0.0,0.0,0.0,0.0,0.0,0.0,0.0,0.301475,Europe,Malta
498,Mohammed VI Polytechnic University,0.0,0.134806,0.0,0.36418,0.0,0.0,0.0,0.0,0.0,0.0,0.0,0.0,0.0,0.0,0.301475,Africa,Morocco
499,BUET,0.0,0.760223,0.0,0.0,1.384563,0.0,0.0,0.0,0.0,0.0,0.0,0.0,0.0,0.0,0.301475,Asia,Bangladesh
500,University of Bayreuth,0.0,0.0,0.0,0.0,0.487124,0.0,0.0,0.0,0.0,0.0,0.0,0.0,0.0,0.0,0.301475,Europe,Germany
501,BITS Pilani-Goa,0.0,0.0,0.0,0.0,0.483123,0.0,0.0,0.0,0.0,0.0,0.0,0.0,0.0,0.0,0.352848,Asia,India
502,IMDEA Software Institute,0.0,0.006719,0.0,0.002245,0.0,0.0,0.0,0.0,0.0,0.0,0.0,0.0,0.0,0.0,0.4615999999999999,Europe,Spain
503,UFPE,0.0,0.689099,0.0,0.00449,0.229374,0.0,0.0,0.0,0.0,0.0,0.0,0.0,0.0,0.0,0.909023,South America,Brazil
504,University at Albany - SUNY,0.0,0.229374,0.0,0.0,0.095765,0.0,0.0,0.0,0.0,0.0,0.0,0.0,0.0,0.0,0.902797,North America,United States
505,University of Passau,0.0,0.134806,0.0,0.0,1.316571,0.0,0.0,0.0,0.0,0.0,0.0,0.0,0.0,0.0,0.229374,Europe,Germany
506,UFPR,0.0,0.0,0.0,0.229374,0.301475,0.0,0.0,0.0,0.0,0.0,0.0,0.0,0.0,0.0,0.229374,South America,Brazil
507,University of Buenos Aires,0.0,0.0,0.0,0.0,0.457608,0.0,0.0,0.0,0.0,0.0,0.0,0.0,0.0,0.0,0.229823,South America,Argentina
508,University of Vienna,0.0,2.862559,0.0,0.5881510000000001,1.147671,0.0,0.0,0.0,0.0,0.0,0.0,0.0,0.0,0.0,0.385507,Europe,Austria
509,University of L'Aquila,0.0,0.0,0.0,0.0,0.0,0.0,0.0,0.0,0.0,0.0,0.0,0.0,0.0,0.0,0.229823,Europe,Italy
510,PUC-RS,0.0,0.0,0.0,0.0,0.595983,0.0,0.0,0.0,0.0,0.0,0.0,0.0,0.0,0.0,0.229374,South America,Brazil
511,TU Clausthal,0.0,2.117213,0.0,0.002245,0.0,0.0,0.0,0.0,0.0,0.0,0.0,0.0,0.0,0.0,0.232067,Europe,Germany
512,University of Kassel,0.0,0.0,0.0,0.0,0.0,0.0,0.0,0.0,0.0,0.0,0.0,0.0,0.0,0.0,0.36418,Europe,Germany
513,IUPUI,0.0,0.0,0.0,0.371298,0.118651,0.0,0.0,0.0,0.0,0.0,0.0,0.0,0.0,0.0,0.229374,North America,United States
514,Texas Tech University,0.0,0.0,0.0,0.0,0.0,0.0,0.0,0.0,0.0,0.0,0.0,0.0,0.0,0.0,1.519442,North America,United States
515,Aarhus University,0.0,3.225756,0.0,0.0,0.0,0.0,0.0,0.0,0.0,0.0,0.0,0.0,0.0,0.0,1.129001,Europe,Denmark
516,DAIICT,0.0,0.0,0.0,0.0,0.0,0.0,0.0,0.0,0.0,0.0,0.0,0.0,0.0,0.0,0.613227,Asia,India
517,University of Rhode Island,0.0,0.0,0.0,0.0,0.0,0.0,0.0,0.0,0.0,0.0,0.0,0.0,0.0,0.0,0.323258,North America,United States
518,New York Tech,0.0,0.0,0.0,0.0,0.0,0.0,0.0,0.0,0.0,0.0,0.0,0.0,0.0,0.0,0.341782,North America,United States
519,University of Sannio,0.0,0.0,0.0,0.0,0.0,0.0,0.0,0.0,0.0,0.0,0.0,0.0,0.0,0.0,0.185649,Europe,Italy
520,TOBB ETÜ,0.0,0.0,0.0,0.0,0.0,0.0,0.0,0.0,0.0,0.0,0.0,0.0,0.0,0.0,0.186098,Asia,Turkey
521,Virginia Commonwealth University,0.0,0.0,0.0,0.0,0.0,0.0,0.0,0.0,0.0,0.0,0.0,0.0,0.0,0.0,0.185649,North America,United States
522,GSSI,0.0,0.0,0.0,0.0,0.0,0.0,0.0,0.0,0.0,0.0,0.0,0.0,0.0,0.0,0.3140129999999999,Europe,Italy
523,University of New Brunswick,0.0,0.446287,0.0,0.0,1.565997,0.0,0.0,0.0,0.0,0.0,0.0,0.0,0.0,0.0,0.156133,North America,Canada
524,University of Dhaka,0.0,0.0,0.0,0.446287,0.0,0.0,0.0,0.0,0.0,0.0,0.0,0.0,0.0,0.0,0.156133,Asia,Bangladesh
525,Utrecht University,0.0,1.441993,0.0,0.959234,0.0,0.0,0.0,0.0,0.0,0.0,0.0,0.0,0.0,0.0,0.38623,Europe,Netherlands
526,Western Michigan University,0.0,0.0,0.0,0.0,0.0,0.0,0.0,0.0,0.0,0.0,0.0,0.0,0.0,0.0,0.156133,North America,United States
527,Montana State University,0.0,0.330249,0.0,0.0,0.0,0.0,0.0,0.0,0.0,0.0,0.0,0.0,0.0,0.0,0.156133,North America,United States
528,Kent State University,0.0,0.0,0.0,0.0,0.0,0.0,0.0,0.0,0.0,0.0,0.0,0.0,0.0,0.0,0.156133,North America,United States
529,The University of Alabama,0.0,0.36418,0.0,0.0,0.0,0.0,0.0,0.0,0.0,0.0,0.0,0.0,0.0,0.0,0.312266,North America,United States
530,University of Massachusetts Boston,0.0,0.156133,0.0,0.530849,0.385507,0.0,0.0,0.0,0.0,0.0,0.0,0.0,0.0,0.0,0.341782,North America,United States
531,IIT Bhubaneswar,0.0,0.0,0.0,0.0,0.0,0.0,0.0,0.0,0.0,0.0,0.0,0.0,0.0,0.0,0.269612,Asia,India
532,Queen’s University,0.0,0.788069,0.0,0.0,7.157093,0.0,0.0,0.0,0.0,0.0,0.0,0.0,0.0,0.0,3.9446559999999993,North America,Canada
533,Bundeswehr University Munich,0.0,0.0,0.0,0.0,0.301475,0.0,0.0,0.0,0.0,0.0,0.0,0.0,0.0,0.0,0.120447,Europe,Germany
534,Mississippi State University,0.0,0.916291,0.0,0.0,0.118651,0.0,0.0,0.0,0.0,0.0,0.0,0.0,0.0,0.0,0.251898,North America,United States
535,University of Oklahoma,0.0,1.3049110000000002,0.0,0.0,0.0,0.0,0.0,0.0,0.0,0.0,0.0,0.0,0.0,0.0,0.095765,North America,United States
536,INRIA,0.0,0.006719,0.0,0.002245,0.0,0.0,0.0,0.0,0.0,0.0,0.0,0.0,0.0,0.0,0.002692,Europe,France
537,Ecole Normale Superieure de Rennes,0.0,0.006719,0.0,0.002245,0.0,0.0,0.0,0.0,0.0,0.0,0.0,0.0,0.0,0.0,0.002693,Europe,France
538,Goldsmiths University of London,0.0,0.5375679999999999,0.0,0.002245,0.0,0.0,0.0,0.0,0.0,0.0,0.0,0.0,0.0,0.0,0.002244,Europe,United Kingdom
539,Middlesex University,0.0,0.006719,0.0,0.002245,0.0,0.0,0.0,0.0,0.0,0.0,0.0,0.0,0.0,0.0,0.002693,Europe,United Kingdom
540,Brandenburg University of Technology,0.0,0.006719,0.0,0.002245,0.0,0.0,0.0,0.0,0.0,0.0,0.0,0.0,0.0,0.0,0.002244,Europe,Germany
541,TU Chemnitz,0.0,0.006719,0.0,0.002245,0.0,0.0,0.0,0.0,0.0,0.0,0.0,0.0,0.0,0.0,0.002244,Europe,Germany
542,Charles University,0.0,0.006719,0.0,0.002245,2.079415,0.0,0.0,0.0,0.0,0.0,0.0,0.0,0.0,0.0,0.002693,Europe,Czech Republic
543,University of Duisburg-Essen,0.0,0.006719,0.0,0.002245,0.425386,0.0,0.0,0.0,0.0,0.0,0.0,0.0,0.0,0.0,4.390081,Europe,Germany
544,Universidade NOVA de Lisboa,0.0,0.0,0.0,0.064677,0.0,0.0,0.0,0.0,0.0,0.0,0.0,0.0,0.0,0.0,0.001347,Europe,Portugal
545,Scuola Superiore Sant'Anna,0.0,0.0,0.0,0.0,0.0,0.0,0.0,0.0,0.0,0.0,0.0,0.0,0.0,0.0,0.000449,Europe,Italy
546,University of St Andrews,0.0,0.185649,0.0,0.62674,0.0,0.0,0.0,0.0,0.0,0.0,0.0,0.0,0.0,0.0,0.000898,Europe,United Kingdom
547,PUC-RIO,0.0,0.0,0.0,0.0,0.0,0.0,0.0,0.0,0.0,0.0,0.0,0.0,0.0,0.0,0.000449,South America,Brazil
548,University of Wisconsin - Milwaukee,0.0,0.0,0.0,0.0,0.0,0.0,0.0,0.0,0.0,0.0,0.0,0.0,0.0,0.0,0.000898,North America,United States
549,UFRJ,0.0,0.312266,0.0,0.301475,0.0,0.0,0.0,0.0,0.0,0.0,0.0,0.0,0.0,0.0,0.000449,South America,Brazil
550,University of Kiel,0.0,0.446287,0.0,0.446287,0.0,0.0,0.0,0.0,0.0,0.0,0.0,0.0,0.0,0.0,0.3019239999999999,Europe,Germany
551,University of Osnabrück,0.0,0.0,0.0,0.0,0.0,0.0,0.0,0.0,0.0,0.0,0.0,0.0,0.0,0.0,0.069612,Europe,Germany
552,Universidad Nacional de Córdoba,0.0,0.0,0.0,0.229374,1.362578,0.0,0.0,0.0,0.0,0.0,0.0,0.0,0.0,0.0,0.000449,South America,Argentina
553,Ontario Tech University,0.0,0.0,0.0,0.0,0.0,0.0,0.0,0.0,0.0,0.0,0.0,0.0,0.0,0.0,0.4467359999999999,North America,Canada
554,Massey University,0.0,0.0,0.0,0.0,0.0,0.0,0.0,0.0,0.0,0.0,0.0,0.0,0.0,0.0,0.3019239999999999,Australasia,New Zealand
555,University of Koblenz-Landau,0.0,0.301475,0.0,0.301475,0.0,0.0,0.0,0.0,0.0,0.0,0.0,0.0,0.0,0.0,0.000898,Europe,Germany
556,Stellenbosch University,0.0,0.0,0.0,0.0,0.0,0.0,0.0,0.0,0.0,0.0,0.0,0.0,0.0,0.0,0.000449,Africa,South Africa
557,Mälardalen University,0.0,0.0,0.0,0.0,0.0,0.0,0.0,0.0,0.0,0.0,0.0,0.0,0.0,0.0,0.186098,Europe,Sweden
558,University of Nebraska - Omaha,0.0,0.0,0.0,0.0,0.0,0.0,0.0,0.0,0.0,0.0,0.0,0.0,0.0,0.0,0.000449,North America,United States
559,University of Marburg,0.0,0.0,0.0,0.0,0.0,0.0,0.0,0.0,0.0,0.0,0.0,0.0,0.0,0.0,0.000449,Europe,Germany
560,New Mexico State University,0.0,0.0,0.0,0.0,0.0,0.0,0.0,0.0,0.0,0.0,0.0,0.0,0.0,0.0,0.4467359999999999,North America,United States
561,Freie Universitaet Berlin,0.0,0.301475,0.0,0.60295,0.0,0.0,0.0,0.0,0.0,0.0,0.0,0.0,0.0,0.0,0.000449,Europe,Germany
562,IPI PAN,0.0,0.0,0.0,0.0,0.007663,0.0,0.0,0.0,0.0,0.0,0.0,0.0,0.0,0.0,0.000449,Europe,Poland
563,National Cheng Kung University,0.0,0.0,0.0,0.446287,0.446287,0.0,0.0,0.0,0.0,0.0,0.0,0.0,0.0,0.0,0.229374,Asia,Taiwan
564,KMUTNB,0.0,0.0,0.0,0.301475,0.0,0.0,0.0,0.0,0.0,0.0,0.0,0.0,0.0,0.0,0.0,Asia,Thailand
565,National Institute of Technology Warangal,0.0,0.0,0.0,0.229374,0.185649,0.0,0.0,0.0,0.0,0.0,0.0,0.0,0.0,0.0,0.0,Asia,India
566,University of Victoria,0.0,0.0,0.0,0.156133,0.185649,0.0,0.0,0.0,0.0,0.0,0.0,0.0,0.0,0.0,0.0,North America,Canada
567,University of Massachusetts Dartmouth,0.0,0.0,0.0,0.156133,0.0,0.0,0.0,0.0,0.0,0.0,0.0,0.0,0.0,0.0,0.0,North America,United States
568,University of Missouri - Kansas City,0.0,0.0,0.0,0.290939,0.0,0.0,0.0,0.0,0.0,0.0,0.0,0.0,0.0,0.0,0.0,North America,United States
569,Western Sydney University,0.0,0.0,0.0,0.156133,0.0,0.0,0.0,0.0,0.0,0.0,0.0,0.0,0.0,0.0,0.0,Australasia,Australia
570,UNC - Greensboro,0.0,0.0,0.0,0.134806,0.0,0.0,0.0,0.0,0.0,0.0,0.0,0.0,0.0,0.0,0.0,North America,United States
571,Kyungpook National University,0.0,0.229374,0.0,0.040857,0.0,0.0,0.0,0.0,0.0,0.0,0.0,0.0,0.0,0.0,0.0,Asia,South Korea
572,IIT Guwahati,0.0,0.0,0.0,0.0,2.078857,0.0,0.0,0.0,0.0,0.0,0.0,0.0,0.0,0.0,1.054157,Asia,India
573,University of A Coruña,0.0,0.0,0.0,0.0,4.879455,0.0,0.0,0.0,0.0,0.0,0.0,0.0,0.0,0.0,3.13437,Europe,Spain
574,Tilburg University,0.0,1.049237,0.0,0.0,2.263361,0.0,0.0,0.0,0.0,0.0,0.0,0.0,0.0,0.0,0.0,Europe,Netherlands
575,South Asian University,0.0,0.0,0.0,0.0,0.446287,0.0,0.0,0.0,0.0,0.0,0.0,0.0,0.0,0.0,0.446287,Asia,India
576,THWS,0.0,0.0,0.0,0.0,0.359072,0.0,0.0,0.0,0.0,0.0,0.0,0.0,0.0,0.0,0.0,Europe,Germany
577,JUST,0.0,0.033921,0.0,0.0,0.489564,0.0,0.0,0.0,0.0,0.0,0.0,0.0,0.0,0.0,0.0,Asia,Jordan
578,Beijing Institute of Technology,0.0,0.134806,0.0,0.0,0.175906,0.0,0.0,0.0,0.0,0.0,0.0,0.0,0.0,0.0,0.0,Asia,China
579,IMSc,0.0,2.232938,0.0,0.0,0.0,0.0,0.0,0.0,0.0,0.0,0.0,0.0,0.0,0.0,0.0,Asia,India
580,Wichita State University,0.0,2.348395,0.0,0.0,0.0,0.0,0.0,0.0,0.0,0.0,0.0,0.0,0.0,0.0,0.0,North America,United States
581,American University of Beirut,0.0,0.916291,0.0,0.0,0.39724,0.0,0.0,0.0,0.0,0.0,0.0,0.0,0.0,0.0,0.385507,Asia,Lebanon
582,Memorial University of Newfoundland,0.0,0.747762,0.0,0.0,0.0,0.0,0.0,0.0,0.0,0.0,0.0,0.0,0.0,0.0,0.0,North America,Canada
583,Brock University,0.0,0.301475,0.0,0.0,0.0,0.0,0.0,0.0,0.0,0.0,0.0,0.0,0.0,0.0,0.0,North America,Canada
584,CMI,0.0,0.301475,0.0,0.0,0.0,0.0,0.0,0.0,0.0,0.0,0.0,0.0,0.0,0.0,0.0,Asia,India
585,IIT (BHU) Varanasi,0.0,0.301475,0.0,0.0,0.0,0.0,0.0,0.0,0.0,0.0,0.0,0.0,0.0,0.0,0.0,Asia,India
586,IIT Mandi,0.0,0.301475,0.0,0.0,0.0,0.0,0.0,0.0,0.0,0.0,0.0,0.0,0.0,0.0,0.0,Asia,India
587,Missouri S&T,0.0,0.229374,0.0,0.0,0.0,0.0,0.0,0.0,0.0,0.0,0.0,0.0,0.0,0.0,0.0,North America,United States
588,University of Wuppertal,0.0,0.229374,0.0,0.0,0.0,0.0,0.0,0.0,0.0,0.0,0.0,0.0,0.0,0.0,0.0,Europe,Germany
589,University of Regina,0.0,0.530849,0.0,0.0,0.0,0.0,0.0,0.0,0.0,0.0,0.0,0.0,0.0,0.0,1.362578,North America,Canada
590,University of Nebraska,0.0,0.644397,0.0,0.0,0.0,0.0,0.0,0.0,0.0,0.0,0.0,0.0,0.0,0.0,0.0,North America,United States
591,IUST,0.0,0.229374,0.0,0.0,0.0,0.0,0.0,0.0,0.0,0.0,0.0,0.0,0.0,0.0,0.0,Asia,Iran
592,Ohio University,0.0,0.185649,0.0,0.0,0.0,0.0,0.0,0.0,0.0,0.0,0.0,0.0,0.0,0.0,0.0,North America,United States
593,UFF,0.0,0.156133,0.0,0.0,0.0,0.0,0.0,0.0,0.0,0.0,0.0,0.0,0.0,0.0,0.0,South America,Brazil
594,University of Peradeniya,0.0,0.074319,0.0,0.0,0.0,0.0,0.0,0.0,0.0,0.0,0.0,0.0,0.0,0.0,0.0,Asia,Sri Lanka
595,Northern Arizona University,0.0,0.074319,0.0,0.0,0.0,0.0,0.0,0.0,0.0,0.0,0.0,0.0,0.0,0.0,0.0,North America,United States
596,IIT Indore,0.0,0.0,0.0,0.0,0.535323,0.0,0.0,0.0,0.0,0.0,0.0,0.0,0.0,0.0,0.359072,Asia,India
597,Northwest University,0.0,0.0,0.0,0.0,0.0,0.0,0.0,0.0,0.0,0.0,0.0,0.0,0.0,0.0,0.260344,Asia,China
598,Kempelen Institute - KInIT,0.0,0.0,0.0,0.0,0.420126,0.0,0.0,0.0,0.0,0.0,0.0,0.0,0.0,0.0,0.229374,Europe,Slovakia
599,University of Michigan-Dearborn,0.0,0.0,0.0,0.0,0.0,0.0,0.0,0.0,0.0,0.0,0.0,0.0,0.0,0.0,0.229374,North America,United States
600,University of Moratuwa,0.0,0.0,0.0,0.0,0.0,0.0,0.0,0.0,0.0,0.0,0.0,0.0,0.0,0.0,0.134806,Asia,Sri Lanka
601,Aberystwyth University,0.0,0.0,0.0,0.0,0.229374,0.0,0.0,0.0,0.0,0.0,0.0,0.0,0.0,0.0,0.0,Europe,United Kingdom
602,IIT Palakkad,0.0,0.446287,0.0,0.0,0.0,0.0,0.0,0.0,0.0,0.0,0.0,0.0,0.0,0.0,0.0,Asia,India
603,Hamburg University of Technology,0.0,0.156133,0.0,0.0,0.0,0.0,0.0,0.0,0.0,0.0,0.0,0.0,0.0,0.0,0.0,Europe,Germany
604,Nova Southeastern University,0.0,0.156133,0.0,0.0,0.0,0.0,0.0,0.0,0.0,0.0,0.0,0.0,0.0,0.0,0.0,North America,United States
